衛署菌疫輸字第000399號	人體血凝素第八因子注射劑１００ＩＵ？ＭＬ
衛署菌疫輸字第000419號	人類免疫缺乏病毒Ｉ？ＩＩ型抗體檢驗試劑ＰＬＵＳ
衛署菌疫輸字第000420號	速樂定ＨＩＶ－１？２
衛署菌疫輸字第000490號	奎爾ＨＩＶ－１？ＨＩＶ－２　ＤＡＧＳ　抗體檢驗試劑
衛署菌疫輸字第000494號	人類免疫缺乏病毒Ｉ？ＩＩ型抗體檢驗試劑ＰＬＵＳ
衛署菌疫輸字第000443號	人類免疫不全病毒（ＨＩＶ－１？ＨＩＶ－２）精準第三代
衛署菌疫輸字第000550號	邁克司注射劑４００微毫克？小瓶
衛署菌疫輸字第000551號	邁克司注射劑１５０微毫克？小瓶
衛署藥製字第003549號	異菸鹼醯？
衛署藥製字第005265號	樂必妥黴素肌肉？靜脈注射劑５００公絲
衛署藥製字第012055號	明達胃錠（雙羥鋁蘆薈？）
衛署菌疫輸字第000459號	愛克滋〝巴斯德〞愛滋病１？２型混合抗体篩檢試劑
衛署藥製字第018507號	必利爽注射液（磷酸？哆醛）
衛署藥製字第019865號	莫暈得錠（敵芬尼？）
衛署藥製字第017146號	補鉀注射液１５％Ｗ？Ｖ（氯化鉀）
衛署藥製字第012191號	淨新？口含錠
衛署藥製字第021267號	泰百信注射液１０公絲？公撮（泰百黴素）
衛署藥製字第021268號	泰百信注射液４０公絲？公撮（泰百黴素）
衛署菌疫輸字第000661號	優泌林－混合型８０？２０　１００單位？公撮
衛署菌疫輸字第000662號	優泌林－超長效型１００單位？公撮
衛署藥製字第001068號	安比西林膠囊２５０公絲（胺？青黴素）
衛署藥製字第003602號	凱復力水溶性懸濁液２５０公絲？５公撮
衛署藥製字第003603號	凱復力水溶性懸濁液１２５公絲？５公撮
衛署藥製字第021309號	對丁羥基苯乙羥？酸
衛署藥製字第018670號	的剎美剎松注射液４公絲？公撮
衛署藥製字第018674號	立卡多因注射液０．５％　Ｗ？Ｖ
衛署藥製字第018680號	醫痛庇爽糖衣錠（？唑丁烷）
衛署藥製字第021317號	凱復樂水溶性懸濁液用顆粒１２５公絲？５公撮（西華克樂）
衛署藥製字第018685號	偉霸黴素懸浮劑用顆粒５０公絲？公克
衛署藥製字第007766號	氯黴素顆粒１２５公絲？公克
衛署藥製字第005337號	氯化？酯膽鹼錠
衛署藥製字第005340號	氯化？脂膽鹼錠
衛署藥製字第005350號	？洛泄邁
衛署藥製字第015580號	鹽酸甲麻黃？錠
衛署藥製字第015595號	氧乙基茶？錠
衛署藥製字第015635號	嘉黴素注射液３３　１？３％
衛署藥製字第005400號	樂必妥黴素肌肉？靜脈注射劑２５０公絲
衛署藥製字第005401號	樂必妥黴素肌肉？靜脈注射液１公克
衛署菌疫輸字第000569號	安列露原？液１：１０００
衛署藥製字第001115號	黃體素注射液２５公絲？公攝
衛署藥製字第005426號	縮水蘋果酸麥角新？錠
衛署藥製字第013889號	見大黴素注射液１０公絲？公撮
衛署藥製字第001182號	茶？含水物
衛署藥製字第001183號	茶？無水物
衛署藥製字第015721號	暈之糖衣錠（敵芬尼？）
衛署藥製字第015725號	見大黴素注射液４０公絲？公撮
衛署藥製字第018786號	脫利可？錠
衛署藥製字第001211號	羥乙基茶？
衛署藥製字第012308號	？基青黴素鉀注射劑５百萬單位
衛署藥製字第012312號	？基青黴素鉀注射劑二百萬單位
衛署菌疫輸字第000590號	因治隆　多劑量注射筆五千萬國際單位？公撮
衛署菌疫輸字第000591號	因治隆　多劑量注射筆二千五百萬國際單位？公撮
衛署藥製字第017189號	見大黴素注射液４０公絲？公撮
衛署藥製字第001245號	立達舒本注射液５公絲？公撮
衛署藥製字第001246號	普魯卡因？基青黴素注射劑３０萬單位
衛署藥製字第001247號	普魯卡因？基青黴素注射劑１５０萬單位
衛署藥陸輸字第000312號	鹽酸氯苯噻？
衛署藥製字第018874號	西法力新顆粒５００公絲？公克（賜福力欣）
衛署藥製字第013927號	丙基雙硫化？胺明鹽酸鹽原末
衛署藥製字第010508號	"聯邦"榮納克特注射液１０公絲？公撮
衛署藥製字第015831號	縮水蘋果酸麥角新？注射液
衛署藥製字第015832號	縮水蘋果酸麥角新？錠
衛署藥製字第008054號	鎮嗽飴膏〞三能？
衛署藥製字第008064號	佳榮黴素注射液１０公絲？公撮
衛署藥製字第012373號	"七星" １－（２－四氫？基）－５－氟二羥基嘧啶
衛署藥製字第021509號	舒乃靜膜衣錠１００公絲（氯普麻？）
衛署藥製字第021510號	貝他每松注射液４公絲？公撮
衛署藥製字第001368號	硝基膚？軟膏０．２％
衛署藥製字第001369號	？基青黴素鉀注射劑２千萬單位
衛署藥製字第021527號	"中美"旅佳液（氯茶？二苯安明）
衛署藥製字第001446號	安比西林膠囊５００公絲（胺？青黴素）
衛署藥製字第008260號	滅殺除癌注射液２５公絲？公撮
衛署藥製字第008261號	滅殺除癌注射液２．５公絲？公撮
衛署藥製字第008264號	炎多克栓劑１００公絲（？？美洒辛）
衛署藥製字第001450號	咖啡？含水物
衛署藥製字第001456號	咖啡？無水物
衛署藥製字第001458號	己二酸？？
衛署藥製字第001466號	鹽酸罌粟？片
衛署藥製字第005616號	"聯邦"力確多寧注射液１公絲？公撮
衛署藥製字第001473號	安比西林注射劑５００公絲（胺？青黴素）
衛署藥製字第001530號	磷酸？？
衛署藥陸輸字第000337號	異菸？醯井
衛署藥製字第013972號	獨克士黴素顆粒２０公絲？公克
衛署藥製字第008279號	可消錠２５公絲（氫氯苯？）
衛署藥製字第001536號	對氨基水楊酸異菸鹼醯？
衛署藥製字第001542號	二羥丙基苯？
衛署藥製字第016072號	"濟時" 益佳錠（鹽酸乙基罌栗？錠）
衛署藥製字第020263號	得而可靜糖衣錠（待美索塞？）
衛署藥製字第001585號	硫酸呱尼？啶錠
衛署藥製字第001605號	縮水蘋果酸麥角新？片
衛署藥製字第018916號	托？卡因錠（歐西拉因）
衛署藥製字第005711號	鹽酸？多辛錠
衛署藥製字第005712號	二羥丙基茶？錠
衛署藥製字第001623號	得爽朗注射液４公絲？公撮
衛署藥製字第018936號	特利隆錠（格力？咯特）
衛署藥製字第018942號	得克眩膠囊（敵芬尼？）
衛署藥製字第016197號	氯普麻？糖衣錠
衛署藥製字第005795號	鹽酸？多辛錠
衛署藥製字第020338號	安咳星糖衣錠（雙丁？磺酸鈉）
衛署藥製字第008588號	盈盈　免敏酏液０．４公絲？公撮（縮蘋酸溴菲安明）
衛署藥製字第020359號	凱服樂注射液（敵芬尼？）
衛署藥製字第016209號	樂賜平口服懸浮液２５公絲？５公撮
衛署藥製字第016218號	６－甲氫基－２？基丙酸
衛署藥製字第005855號	鹽酸全阿片素東莨菪？注射液
衛署藥製字第005882號	鹽酸罌粟？錠３０公絲
衛署藥製字第005884號	鹽酸罌粟？
衛署藥製字第016221號	？基青黴素鈉注射劑　〝榮民〞
衛署藥製字第018959號	複？錠
衛署藥製字第012376號	？基青黴素鉀注射劑１千萬單位
衛署藥製字第001783號	羥乙基苯？
衛署藥製字第005890號	鹽酸古柯？
衛署菌疫輸字第000610號	ＨＩＶ　Ｉ？ＩＩ？Ｏ　型抗體檢驗試劑〝愛爾定康〞
衛署藥製字第014092號	磷酸？哆醛注射液
衛署藥製字第010903號	"聯邦"每保胃注射液５公絲？公撮
衛署藥製字第021718號	舒口錠（？啶）〝日月堂〞
衛署藥製字第019041號	優可得懸濁注射液１０公絲？公撮（安西諾隆）
衛署藥製字第019042號	優可得懸濁注射液４０公絲？公撮（安西諾隆）
衛署藥製字第021754號	克風欣錠（秋水仙？）
衛署藥製字第021767號	待芬？糖衣錠（敵芬尼？）
衛署藥製字第016355號	安西諾隆懸濁注射液１０公絲？公撮
衛署菌疫輸字第000624號	賽富定－ＨＩＶ　１？２
衛署藥製字第020541號	凍晶維？注射劑５０公絲（可伯雷）
衛署藥製字第001826號	鹽酸黃連？
衛署藥製字第001878號	鹽酸？多辛注射液１００公絲
衛署藥製字第001879號	鹽酸？多辛注射液５０公絲
衛署藥製字第016381號	利康樂錠（黃？酮乙氧乙醯）
衛署藥製字第016438號	賜樂淨膠囊（乙醯氨硝基？唑）
衛署藥製字第006343號	二羥丙基茶？
衛署藥製字第012489號	紅黴素月桂？膠囊２５０公絲
衛署藥製字第002098號	二羥丙基茶？
衛署藥製字第019109號	疳得保液（匹陪拉？）
衛署藥製字第019122號	磷酸？哆醛錠
衛署菌疫輸字第000640號	血凝素第八因子注射劑（重組體）２５０　ＩＵ？ＶＩＡＬ〝科基〞
衛署藥製字第002160號	立達舒本注射液２０公絲？公撮
衛署藥製字第002193號	驅蟲糖漿１１０公絲？公撮（六氫？？）
衛署藥製字第017298號	醒喉口含錠（？啶）
衛署藥製字第014264號	凱？
衛署藥製字第003910號	亞硫酸氫鈉甲？？注射液１０公絲？公撮
衛署藥製字第014299號	縮水蘋果酸麥角新？糖衣錠
衛署藥陸輸字第000422號	鹽酸假麻黃？^
衛署藥製字第016680號	胃使可胖糖衣錠（東莨菪？）
衛署藥製字第014346號	雙氫化氯？治錠
衛署藥製字第011347號	心達可注射劑１０公絲？公撮
衛署藥製字第014349號	必特黴素注射液１０公絲？公撮（見大黴素）
衛署藥製字第014350號	必特黴素注射液４０公絲？公撮（見大黴素）
衛署藥製字第014353號	氯普麻？注射液０．５％
衛署藥製字第014371號	婦珍膠囊（乙醯氨硝基？唑）
衛署藥製字第021957號	氫氯苯？錠
衛署菌疫輸字第R00012號	Ｂ型肝炎Ｅ抗原？Ｅ抗體免疫放射分析試劑
衛署藥製字第002312號	汎克黴素膠囊１２５公絲？６２．５公絲
衛署藥製字第003975號	毛地黃毒？錠
衛署藥製字第021977號	悠必能顆粒１０公絲？公克（悠卡諾）
衛署藥製字第021979號	凱復樂水溶性懸濁液用顆粒２５０公絲？５公撮（西華克樂）
衛署藥製字第006568號	泌朗錠２５０公絲（？利啶酸）
衛署藥製字第019172號	必驅信錠（匹陪拉？）
衛署藥製字第022000號	愛黴素注射液３７．５公絲？公撮
衛署藥製字第017335號	鹽酸？多辛錠
衛署藥製字第019206號	維他命Ｂ６錠５０公絲（鹽酸？哆辛）
衛署藥製字第002326號	汎克黴素肌肉注射劑１２５公絲？６２．５公絲
衛署藥製字第022582號	立克勝注射液３００公絲？公撮（林可黴素）
衛署藥製字第002354號	咖啡？苯甲酸鈉
衛署藥製字第022011號	獨克士黴素顆粒５０公絲？公克（去氧羥四環素）
衛署藥製字第012735號	"聯邦"全特黴素注射液４０公絲？公撮
衛署藥製字第016810號	利解痛注射液２公絲？毫升（的剎美剎松）
衛署藥製字第016812號	樂賜平口服濃縮液２５公絲？公撮
衛署藥陸輸字第000509號	鹽酸去甲羥麻黃？^
衛署藥製字第012752號	康他黴素注射液４０公絲（力價）？公撮
衛署藥製字第014580號	罌粟？錠
衛署藥製字第012812號	疳去能顆粒２５０公絲？公克（匹南特）
衛署藥製字第022074號	滅疥洗液（苯甲醯？酯）
衛署藥製字第016840號	維多幸腸溶錠（磷酸？哆醛）
衛署藥製字第019261號	見大黴素注射液２０公絲？公撮
衛署藥製字第009440號	洛克德懸膠注射液１０公絲？公撮
衛署藥製字第002844號	鹽酸甲基麻黃？錠
衛署藥製字第022736號	棕櫚酸氯絲菌素顆粒２５０公絲？公克
衛署藥製字第017453號	偉利錠（三氟甲？治）
衛署藥製字第019281號	吉而立達靜糖衣錠（喜歐利達？）
衛署藥製字第022795號	定暈錠（敵芬尼？）
衛署藥製字第022174號	利可剎美注射液（菸？醯二乙胺）
衛署藥製字第016888號	肺治美錠（？？羧胺）
衛署藥製字第011604號	鎮痛解熱糖漿１５公絲？公撮（對位乙醯氨基酚）
衛署藥製字第021002號	腦脈明液２００公絲？公撮（披喇瑟盪）
衛署藥製字第016964號	利濟腫錠（雙氫化氯？治）
衛署藥製字第014669號	見大黴素注射液４０公絲？公撮
衛署藥製字第014678號	磷酸？哆醛注射液２５公絲
衛署藥製字第021073號	愛體補注射液（三磷酸腺？）
衛署藥製字第021079號	咳奠錠（雙丁？磺酸鈉）
衛署藥製字第022860號	美他濕朗栓劑（？？美酒辛）
衛署藥製字第017023號	氯化鉀注射液１５％Ｗ？Ｖ
衛署藥製字第022206號	健泰注射液１０公絲？公撮（見大黴素）
衛署藥製字第014747號	鹽酸麻黃？錠
衛署藥製字第002995號	長葉毛地黃？錠
衛署藥製字第017567號	立可通強力注射劑４０公絲？公撮
衛署藥製字第003064號	己二酸？？
衛署藥製字第003115號	金雀花？注射液
衛署藥製字第000120號	消旋鹽酸甲麻黃？散１０％
衛署藥製字第000129號	普魯卡因？基青黴素油性注射液
衛署藥製字第022239號	安比西林膠囊５００公絲（胺？青黴素）
衛署藥製字第014809號	氯化乙？脂膽鹼錠
衛署藥製字第014826號	喜歐利噠？錠
衛署藥製字第017624號	利尿錠（雙氫化氯？治）
衛署藥製字第019445號	凱服樂錠（敵芬尼？）
衛署藥製字第006853號	硫酸康寧黴素注射劑０．３３３公克？公撮
衛署藥製字第006861號	磺胺甲氧噠？錠
衛署藥製字第003180號	那利敵５００公絲錠（？利啶酸）
衛署藥製字第025060號	抗血寧注射液１００公絲？公撮（妥內散敏）
衛署藥製字第017687號	力確多寧注射液４公絲？公撮（的剎美剎松）”聯邦”　　　　　　 D
衛署藥製字第022284號	每非那懸浮液１６１？４公絲
衛署藥製字第022969號	安保西林顆粒２５０公絲？公克（安莫西林）
衛署藥製字第021223號	安比西林注射劑１公克（力價）？瓶
衛署藥製字第004459號	棕櫚酸氯黴素顆粒２５０公絲？公克
衛署藥製字第023762號	可得平糖衣錠（東莨菪？）
衛署藥製字第023766號	泛咳寧液０．８公絲？公撮（布他米雷特）
衛署藥製字第022316號	高廣黴素口服懸浮液用粉１２５公絲？５公撮
衛署藥製字第022317號	高廣黴素口服懸浮液用粉２５０公絲？５公撮
衛署藥製字第017810號	利肌盛凍晶注射液（三磷酸腺？）
衛署藥製字第017820號	縮水蘋果酸麥角新？錠
衛署藥製字第023793號	元？糖衣錠
衛署藥製字第004509號	蛇根？錠
衛署藥製字第026231號	腔炎口內膏１公絲？公克（丙酮特安皮質醇）
衛署藥製字第013083號	異菸鹼醯？錠
衛署藥製字第025142號	氯？青黴素膠囊２５０公絲
衛署藥製字第000261號	單寧酸黃連？粉末
衛署藥製字第023814號	有力黴素注射液１２５公絲？公撮（艾米克信）
衛署藥製字第026266號	安克疼注射液２０公絲？公撮（尼夫平）
衛署藥製字第026267號	利復痛注射液２０公絲？公撮（尼夫平）
衛署藥製字第026269號	剋痛平注射液２０公絲？公撮（尼夫平）
衛署藥製字第014903號	氫氧化鎂懸浮液７８公絲？公克
衛署藥製字第004588號	長葉毛地黃？錠
衛署藥製字第009997號	乃柏欣注射液４０公絲？公撮
衛署藥製字第009998號	乃柏欣注射液１０公絲？公撮
衛署藥製字第003366號	二苯乙內醯？鈉膠囊
衛署藥製字第017913號	二硫化？胺明鹽酸鹽
衛署藥製字第027440號	易暢寧錠１００公絲（鹽酸乙基罌粟？）
衛署藥製字第003403號	硝基？喃妥因錠
衛署藥製字第023023號	眩暈注射液（敵芬尼？）
衛署藥製字第022379號	利斯光乳劑１００公絲？公克（本溶塞）
衛署藥製字第022380號	利斯光乳劑５０公絲？公克
衛署藥製字第023030號	風濕免痛膠囊（？？美哂辛）
衛署藥製字第013213號	東莨菪？注射液
衛署藥製字第019503號	杏化樂糖衣錠（敵芬尼？）
衛署藥製字第028946號	艾儂乳膏０．５公絲？公克（瑞婷羅）
衛署藥製字第028947號	健泰黴素注射液１４０公絲？公撮
衛署藥製字第023100號	安比西林膠囊２５０公絲（胺？青黴素）
衛署藥製字第023859號	疼痛辛膠囊（？？美洒辛）
衛署藥製字第026270號	克利痛注射液２０公絲？公撮（尼夫平）
衛署藥製字第026271號	痛定注射液２０公絲？公撮（尼夫平）
衛署藥製字第026274號	舒止痛注射液２０公絲？公撮（尼夫平）
衛署藥製字第029961號	邁得錠５００公絲（？？醯胺）
衛署藥製字第019506號	暈之錠（敵芬尼？）
衛署藥製字第028961號	艾儷馨液２０公絲？公撮（紅絲菌素）
衛署藥製字第007537號	斯爾匹林注射劑２５０公絲？公撮
衛署藥製字第007538號	抗壞血酸注射劑５０公絲？公撮
衛署藥製字第007542號	咖啡鹼苯甲酸鈉注射劑２５０公絲？公撮
衛署藥製字第007544號	鹽酸氯普魯麻淨注射劑１２５公絲？５公撮
衛署藥製字第017955號	酚？錠
衛署藥製字第031248號	恩達克膠囊（？？美洒辛）
衛署藥製字第026301號	舒離痛糖衣錠２０公絲（待美索塞？）
衛署藥製字第023108號	妥血寧注射液１００公絲？公撮（妥內散敏）
衛署藥製字第023109號	舒胃得寧注射液１００公絲？公撮（希每得定）
衛署藥製字第030268號	袪潰注射液１５０公絲？公撮（希每得定）（Ｒ）
衛署藥製字第030270號	艾？－５號乳劑（本溶塞）
衛署藥製字第030271號	艾？－１０號乳劑（本溶塞）
衛署藥製字第000436號	鹽酸黃連？粉末
衛署藥製字第022459號	見大黴素注射液１４０公絲？公撮
衛署藥製字第025220號	燐四環素懸液２５公絲？公撮（鹽酸四環素）
衛署藥製字第025222號	克乳痢散５００公絲？公克（乳糖分解酵素）
衛署藥製字第025225號	維他益注射液５０公絲？公撮（維生素戊醋酸鹽）
衛署藥製字第025228號	敏康軟膏（？？美洒辛）
衛署藥製字第029011號	備勞喘液５公絲？公撮（菲諾特洛氫溴酸鹽）
衛署藥製字第000445號	磷酸？？粉末？英國藥典？
衛署藥製字第000453號	己二酸？？粉末
衛署藥製字第000459號	己二酸？？粉末
衛署藥製字第015047號	口樂比糖漿５０公絲？公撮（卡玻西典）
衛署藥製字第015048號	小兒口樂比糖漿２０公絲？公撮（卡玻西典）
衛署藥製字第030310號	痙靜膠囊１０公絲（東莨蒡？）
衛署藥製字第032369號	美可保注射液５００毫克？公撮（甲鈷胺明）
衛署藥製字第023153號	安彼青黴素膠囊５００公絲（胺？青黴素）
衛署藥製字第000487號	檸檬酸？？粉末？英國藥典？
衛署藥製字第030321號	氟克得軟膏０．５公絲？公克（氟欣諾能）
衛署藥製字第031278號	樂制濕乳膏（？？美洒辛）
衛署藥製字第018006號	理法固糖衣錠（敵芬尼？）
衛署藥製字第026333號	永克得懸浮注射液１０公絲？公撮（丙酮特安皮質醇）
衛署藥製字第026341號	平痰注射液２公絲？公撮（布朗信）
衛署藥製字第032381號	多保心注射液１２．５公絲？公撮（多保他命）
衛署藥製字第032388號	康寧克通肌肉注射劑４０公絲？公撮（丙酮特安皮質醇）
衛署藥製字第032391號	正碘藥水１００公絲？公撮（普威隆碘）
衛署藥製字第026360號	必得能注射液２５０公絲？公撮（水芹醯睪丸素）
衛署藥製字第029107號	披喇瑟盪注射液２００公絲？公撮
衛署藥製字第029116號	胃潰平注射液５公絲？公撮（匹雷辛平）
衛署藥製字第029117號	欣康注射液２００公絲？公撮
衛署藥製字第031311號	可舒含錠２公絲（？啶）
衛署藥製字第015117號	縮水蘋果酸麥角新？錠
衛署藥製字第033477號	華寶洗髮精２０公絲？公克（克多可那挫）
衛署藥製字第033485號	舒痰液３公絲？公撮（安布索）
衛署藥製字第025309號	咳舒坦糖漿２０公絲？公撮（卡玻西典）
衛署藥製字第032415號	賀脈寧乳膏１０公絲？公克（喜普理諾）
衛署藥製字第032424號	龍治安散１００公絲？公克（布克利汀）
衛署藥製字第032425號	龍治安糖漿１公絲？公撮（布克利汀）
衛署藥製字第015170號	的剎美剎松注射液２公絲？公撮
衛署藥製字第015177號	磷酸？哆醛錠１０公絲
衛署藥製字第031317號	愛口隆口內１膏公絲？公克（的剎美剎松）
衛署藥製字第031319號	復得健肌肉注射液２０公絲？公撮（匹洛西卡）
衛署藥製字第031327號	胃治潰注射液２５公絲？公撮（雷尼得定）
衛署藥製字第031356號	康痊喜懸浮液２０公絲？公撮（希每得定）
衛署藥製字第025383號	愛樂康膠囊（？？美洒辛）
衛署藥製字第015202號	氧乙基茶？錠
衛署藥製字第013477號	維泰寧肌肉注射液２５公絲？公撮
衛署藥製字第031368號	克力欣注射液１５０公絲？公撮（克林達黴素）
衛署藥製字第031371號	司衛妥藥性牙膏１００公絲？公克（斯卓廷）
衛署藥製字第013503號	縮水蘋果酸麥角新？錠
衛署藥製字第025400號	得可安錠２公絲（三氯甲？治）
衛署藥製字第030387號	艾？面皰洗劑（本溶塞）
衛署藥製字第030390號	康欣黴素注射液１２５公絲？公撮（艾米克信）
衛署藥製字第004872號	原？？化二鈉
衛署藥製字第015253號	鹽酸？多辛注射液１００公絲？公撮
衛署藥製字第031387號	甘露醇注射液２００公絲？公撮
衛署藥製字第031446號	可得舒乳膏０．５公絲？公克（可洛貝他索）
衛署藥製字第031449號	剃厭能注射液５毫克？毫升（梯尼達諾
衛署藥製字第026431號	喜多愛膚乳膏０．５公絲？公克（瑞婷羅）
衛署藥製字第026436號	尹嗽吉顆粒１００公絲？公克（伊普拉辛隆）
衛署藥製字第004895號	樂必信黴素口服懸浮液用粉２５０公絲？５公撮
衛署藥製字第004897號	樂必信黴素口服懸浮液用粉１２５ＭＧ？５ＭＬ
衛署藥製字第013546號	罌粟？膠囊
衛署藥製字第030396號	可樂喜定錠０．５公絲（秋水仙？）
衛署藥製字第032431號	梅莎尼液３．０公絲？公撮（安布索）
衛署藥製字第032433號	喜胃達１３０公絲？公克凝膠（磷酸鋁）
衛署藥製字第032436號	腦脈明液２００公絲？公撮（披喇瑟盪）
衛署藥製字第033534號	每斯克糖衣錠１公絲（甲基莨菪？）
衛署藥製字第033536號	耐挫敷隆軟膏２公絲？公克
衛署藥製字第031475號	美立廉糖衣錠５０公絲（鹽酸沙利苯？？）
衛署藥製字第025416號	疥剋藥水（皂化苯甲酸？酯）
衛署藥製字第015265號	"應元"氯普麻？錠
衛署藥製字第023192號	安比西林膠囊５００公絲（胺？青黴素）
衛署藥製字第030437號	赫利健注射液０．３公絲？公撮（待赫果信）
衛署藥製字第032443號	泛咳寧液０．８公絲？公撮（布他米雷特）
衛署藥製字第026447號	溫拿可多注射液４０公絲？公撮（丙酮特安皮質醇）
衛署藥製字第026448號	治克炎注射液２５公絲？公撮（待克菲那）
衛署藥製字第026451號	寧服百定注射液２０公絲？公撮（尼夫平）
衛署藥製字第031498號	收百疼液２４公絲？公撮（對位乙醯氨基酚）
衛署藥製字第031499號	鈉水驅錠０．２５公絲（環戊？治）
衛署藥製字第033554號	因多美沙信膠囊２５公絲（？？美洒辛）
衛署藥製字第029252號	？都寧腸溶錠５０公絲（待克菲那）
衛署藥製字第023201號	？魯普羅嘧酮（福普樂棒）
衛署藥製字第023213號	速必靜糖衣錠（鹽酸沙利苯？？）
衛署藥製字第025433號	景多息膠囊２５公絲（？？美洒辛）
衛署藥製字第026457號	元朗錠２０公絲（待美索塞？）
衛署藥製字第030458號	戰痘乳膏０．５公絲？公克（瑞婷羅）
衛署藥製字第024105號	鹽酸氯苯？？錠
衛署藥製字第032462號	口樂比糖漿５０公絲？公撮（卡玻西典）
衛署藥製字第023227號	安疾痺注射液（三磷酸腺？）
衛署藥製字第023229號	複？糖衣錠
衛署藥製字第032471號	小兒口樂比糖漿２０公絲？公撮（卡玻西典）
衛署藥製字第032472號	因多幸膠囊２５公絲（？？美洒辛）
衛署藥製字第027563號	龍治安散１００公絲？公克（布克利汀）
衛署藥製字第031511號	安熱消酏劑３２公絲？公撮（對位乙醯氨基酚）
衛署藥製字第023250號	鉀西林注射劑２０，０００，０００單位（？基青黴素鉀）
衛署藥製字第033568號	鹽酸吐根素注射液４０公絲？公撮
衛署藥製字第033569號	滴惠琳注射液１５０公絲？公撮（待普菲林）
衛署藥製字第032483號	美滋洗劑８０公絲？公撮（氧化鋅）
衛署藥製字第032484號	驅斑親水軟膏５０公絲？公克（氫？）
衛署藥製字第015371號	鹽酸假麻黃？錠
衛署藥製字第024163號	硫酸氧化長春花？
衛署藥製字第030529號	速癒軟膏１０公絲？公克（氯絲菌素）
衛署藥製字第025482號	硫酸阿托平注射劑２公絲？公撮（硫酸阿托品）
衛署藥製字第033575號	袪潰懸液２０公絲？公撮（希每得定）
衛署藥製字第033582號	"景德" 醋酸鈉注射液４ＭＥＱ？ＭＬ
衛署藥製字第033585號	止吐注射液５公絲？公撮（百非納靜）
衛署藥製字第026489號	不必痛注射液２０公絲？公撮（尼夫平）
衛署藥製字第026494號	黴克頓外用液１０公絲？公撮（克催瑪汝）
衛署藥製字第023287號	安比西林膠囊５００公絲（胺？青黴素）
衛署藥製字第027606號	赫得健注射液０．３公絲？公撮（待赫果信）
衛署藥製字第027610號	菩洛注射液８０公絲？公撮（普固麥）
衛署藥製字第033590號	力克５０公絲？公克乳膏（艾賽可威）
衛署藥製字第026503號	氯化鉀注射液１５０公絲？公撮
衛署藥製字第032502號	必袪痰朽糖漿８００微公克？公撮（布朗信）
衛署藥製字第032503號	氟欣諾隆軟膏２５０微公克？公克（丙酮氟欣諾隆）
衛署藥製字第032505號	欣欣軟膏５００微公克？公克（貝皮質醇）
衛署藥製字第032507號	愛娜凝膠２５０微公克？公克（瑞婷羅）
衛署藥製字第025493號	寧佳息懸液５０公絲？公撮（那利敵新）
衛署藥製字第025506號	益潤乳膏３０公絲？公克（維他命Ｅ）
衛署藥製字第013691號	秋水仙？錠
衛署藥製字第032515號	美白凝膠４０公絲？公克（斑潔）
衛署藥製字第031541號	滴露消毒藥水４８公絲？公撮（氯羥二甲苯）
衛署藥製字第013703號	磷酸？？
衛署藥製字第029341號	毛果芸香？點眼液４％
衛署藥製字第029342號	毛果芸香？點眼液２％
衛署藥製字第029344號	毛果芸香？點眼液１％
衛署藥製字第025518號	優培痢液０．２公絲？公撮（樂必寧）
衛署藥製字第030555號	惠膚麗軟膏（引？美洒辛）
衛署藥製字第034579號	佳樂注射劑４０公絲？公撮（紫菌素）
衛署藥製字第033626號	庇弘炎膠囊２５公絲（？？美洒辛）
衛署藥製字第026552號	愛壽命—斯注射液５公絲？公撮（羥鈷胺）
衛署藥製字第030574號	優克黴素懸液用顆粒２５０公絲？５公撮（安莫西林）
衛署藥製字第030575號	樂法勝口服懸液用顆粒２５０公絲？５公撮（賜福力欣）
衛署藥製字第031549號	維他命乙６錠１０公絲（鹽酸？哆辛）
衛署藥製字第031550號	伴舒康糖衣錠１０公絲（東莨菪？）
衛署藥製字第025530號	雅塞敏糖漿０．４公絲？公撮（縮蘋果酸氯菲胺明）
衛署藥製字第027637號	龍治安糖漿１公絲？公撮（布克利汀）
衛署藥製字第027649號	因多幸膠囊２５公絲（？？美洒辛）
衛署藥製字第034595號	雪銀乳膏１０公絲？公克（達淨磺胺銀）
衛署藥製字第034609號	利咳顆粒１００公絲？公克（伊普拉辛隆）
衛署藥製字第035854號	妥治敏懸液劑６公絲？公撮（特芬那定）
衛署藥製字第032548號	麗膚沐浴乳１０公絲？公撮（克羅希西汀）
衛署藥製字第032568號	蕾婷乳膏０．５公絲？公克（瑞婷羅）
衛署藥製字第029347號	滴而康注射液５公絲？公撮（咪唑尼達）
衛署藥製字第031559號	暈定膠囊２５公絲（敵芬尼？）
衛署藥製字第024256號	？多辛錠２５公絲
衛署藥製字第033677號	止炎痛乳膠１０公絲？公克（待克菲那）
衛署藥製字第030604號	膚爾康親水軟膏０．５公絲？公克（氟欣諾能）
衛署藥製字第035869號	益膚康凝膠７．５公絲？公克（咪唑尼達）
衛署藥製字第035870號	愛膚健乳膏１０公絲？公克（艾索那挫）
衛署藥製字第035872號	克痛運動藥膠布５公絲？公克（引朵美酒辛）〝葡萄王〞
衛署藥製字第032573號	美拉諾寫衣錠２５公絲（敵芬黃？）
衛署藥製字第032574號	普嘉度悠乳膏０．２５公絲？公克（貝克每松）
衛署藥製字第032580號	康膚消炎乳膏１公絲？公克（丙酮特安皮質醇）
衛署藥製字第032581號	克？舒篤膏５００微公克？公克（氯貝他索丙伝）
衛署藥製字第034612號	非炎注射液２５公絲？公撮（可多普洛菲）
衛署藥製字第034617號	安舒液１００公絲？公撮（十一烯酸）
衛署藥製字第034619號	彼痛舒注射液４公絲？公撮（貝皮質醇）
衛署藥製字第034622號	歐護防蚊液２５０公絲？公克（待乙妥）
衛署藥製字第026572號	海利痛注射液２．５公絲？公撮（羥鈷胺）
衛署藥製字第026576號	愛爾美注射液５公絲？公撮（羥鈷胺）
衛署藥製字第024269號	博舒痙糖衣錠（東莨菪？）
衛署藥製字第024272號	益兒宮糖衣錠（縮蘋果酸麥角新？）
衛署藥製字第032582號	無黴注射液１０公絲？公撮（邁可那挫）
衛署藥製字第032586號	蕾婷乳膏０．２５公絲？公克（瑞婷羅）
衛署藥製字第031566號	滅蟲樂懸液１０公絲？公撮（每鞭達挫）
衛署藥製字第030622號	樂？癬軟膏（Ｒ）
衛署藥製字第030630號	滿意軟膏０．５公絲？公克（氯貝他索丙酸）
衛署藥製字第033703號	舒淨洗髮精２％Ｗ？Ｗ（克多可那挫）
衛署藥製字第032596號	舒頭痛錠２０公絲（待每索塞？）
衛署藥製字第032599號	皮麗得喜腸溶錠１０公絲（磷酸？哆醛）
衛署藥製字第032608號	寧格欣注射液３００公絲？公撮（鹽酸林絲菌素）
衛署藥製字第032610號	得朗注射液５公絲？公撮（多普利杜）
衛署藥製字第029366號	待克菲那注射液２５公絲？公撮（待克菲那）
衛署藥製字第026582號	舒肌樂乳膏１０公絲？公克（因多美沙信）
衛署藥製字第026585號	喜去顆粒４０公絲？公克（乙基希賜典）
衛署藥製字第026604號	毛果芸香？眼藥水１％
衛署藥製字第030631號	滿意乳膏０．５公絲？公克（氯貝他索丙酸）
衛署藥製字第035982號	歐可藥布（？？美酒辛）
衛署藥製字第035985號	樂美娜溶液０．５公絲？公撮（瑞婷羅）
衛署藥製字第025596號	痛風炎寧錠２５公絲（引？美灑辛）
衛署藥製字第033761號	鹽酸副腎素注射液１公絲？公撮（腎上腺素）
衛署藥製字第033762號	壯肝注射液２５公絲？公撮（泛酸鈣）
衛署藥製字第033763號	硫酸阿託品注射液１公絲？公撮
衛署藥製字第033766號	安那加注射液１００公絲？公撮（咖啡鹼笨甲酸鈉）
衛署藥製字第033767號	美及樂也恢祿琳注射液４０公絲？公撮（鹽酸甲基麻黃？）
衛署藥製字第023318號	暈治能錠（敵芬尼？）
衛署藥製字第023320號	裕免淋錠（硝基？喃妥因）
衛署藥製字第036089號	立克能注射液２４公絲？公撮（的剎美剎松）
衛署藥製字第035993號	速止痛凝膠１００公絲？公克（伊妥芬那邁）
衛署藥製字第035995號	雅帕絲面皰乳膏０．５公絲？公克（瑞婷羅）
衛署藥製字第033768號	尼可羅命注射液２５０公絲？公撮（菸？醯二乙胺）
衛署藥製字第033771號	吾安保因注射液０．０７５公絲？公撮（歐巴因）
衛署藥製字第019645號	疳寶寧水溶性懸浮劑１００公絲？公克
衛署藥製字第024321號	延效美卓爾注射液４０公絲？公撮（乙酸甲基培尼皮質醇）
衛署藥製字第027716號	諾安命注射液５毫克/毫升（普氯苯噻？）
衛署藥製字第027717號	臨得隆滅菌懸液５公絲？公撮
衛署藥製字第036001號	泰胃懸液２０公絲？公撮（希每得定）
衛署藥製字第036002號	安黴隆親水性乳膏１０公絲？公克（亦可那挫）
衛署藥製字第036008號	美定隆糖衣錠６０公絲（溴化？啶斯狄明）
衛署藥製字第034650號	喜胃兒２０公絲？公撮懸液劑（希每得定）
衛署藥製字第035884號	美白乳膏４０公絲？公克（氫？）
衛署藥製字第036104號	潰友胃康懸浮顆粒劑１公克？１．０２公克（斯克拉菲）
衛署藥製字第031595號	氯化鈉注射液９公？絲公撮
衛署藥製字第027718號	臨得隆注射液４公絲？公撮（貝皮質醇）
衛署藥製字第027736號	必治敏注射液２５公絲？公撮（普美苯？？）
衛署藥製字第034660號	速消痛凝膠１００公？絲公克（伊妥芬那邁）
衛署藥製字第034719號	保利神注射液２５公絲？公撮（氟芬那辛）
衛署藥製字第024373號	炎痛清膠囊（？？美西辛）
衛署藥製字第031614號	速達康口內膏１公絲？公克（安西諾隆）
衛署藥製字第031615號	克痛液１５公絲？公撮
衛署藥製字第031616號	嚨芳糖漿五十公絲？公撮（卡玻西典）
衛署藥製字第026632號	抗黴菌液１０公絲？公撮（亦可那挫）
衛署藥製字第026633號	鹽酸林絲菌素注射液３００公絲？公撮
衛署藥製字第026637號	皮美凝膠０．２５公絲？公克（貝皮質醇）
衛署藥製字第026639號	平凡疼注射液２０公絲？公撮（尼夫平）
衛署藥製字第035892號	安咳舒液３公絲？公撮（安布索）
衛署藥製字第035913號	安立欣錠５００公絲（？利啶酸）
衛署藥製字第035931號	艾米克信２５０公絲？公撮注射液
衛署藥製字第029480號	保視力酵素清潔片（木瓜？）
衛署藥製字第032624號	優德黴素注射液１５０公絲？公撮（克林達黴素）
衛署藥製字第032625號	舒暢液６５０公絲？公撮（拉特樂斯）
衛署藥製字第032630號	膚健乳膏１０公絲？公克（達淨磺胺銀）
衛署藥製字第032640號	帝達黴素注射液１５０公絲？公撮（克林達黴素）
衛署藥製字第034732號	福浼喀注射劑２５公絲？公撮（雅比樂林）
衛署藥製字第034747號	紐黴素軟膏１００，０００單位？公克（耐絲菌素）
衛署藥製字第031640號	胃利通注射液５公絲？公撮（多普利杜）
衛署藥製字第023378號	欣美胃注射液１００公絲？公撮（希每得定）
衛署藥製字第036015號	思舒酸痛凝膠１００公絲？公克（伊妥芬那邁）
衛署藥製字第036017號	絡勁乳膏７．５公絲？公克（？？美洒辛）
衛署藥製字第036027號	科多洗髮精２％Ｗ？Ｗ（克康那唑）
衛署藥製字第033877號	美他魁注射液２０公絲？公撮（每那待）
衛署藥製字第025621號	特黴素注射液４０公絲？公撮（泰百黴素）
衛署藥製字第034750號	康寧克通乳膏１公絲？公克（丙酮特安皮質醇）
衛署藥製字第034751號	康寧克通軟膏１公絲？公克（丙酮特安皮質醇）
衛署藥製字第027812號	達胃新注射液１００公絲？公撮（希每得定）
衛署藥製字第030711號	咳備錠３０公絲（雙丁？磺酸鈉）
衛署藥製字第018191號	氯化？二甲烴銨液１０％
衛署藥製字第024381號	麗可勝注射液３００公絲？公撮（鹽酸林絲菌素）
衛署藥製字第035932號	可多普洛菲注射劑５０公絲？公撮
衛署藥製字第035942號	維力欣口內膏１公絲？公克（丙酮特安皮質醇）
衛署藥製字第035944號	治核錠５００公絲（？　醯胺）
衛署藥製字第019655號	？喃黃軟豪（耐挫敷隆）
衛署藥製字第032645號	益膚乳膏０．５公絲？公克（可洛貝他松）
衛署藥製字第032646號	益膚軟膏０．５公絲？公克（可洛貝他松）
衛署藥製字第030750號	梅莎尼液３．０公絲？公撮（安布索）
衛署藥製字第036041號	潰康友懸液用顆粒１公克？１．０２公克（斯克拉非）
衛署藥製字第036042號	抗文益驅蚊液２５０公絲？公克（待乙妥）
衛署藥製字第036044號	治胃敏懸浮液２０公絲？公撮（希每得定）
衛署藥製字第025631號	特黴素注射液１０公絲？公撮（泰百黴素）
衛署藥製字第026669號	安泛黴素懸液用粉１２５公絲？５公撮（西華杜西）
衛署藥製字第026674號	消炎喜軟膏１公絲？公克（丙酮特安皮質醇）〝嘉信〞
衛署藥製字第029527號	捷效注射液１０公絲？公撮（希索黴素）
衛署藥製字第029528號	捷效注射液５０公絲？公撮（希索黴素）
衛署藥製字第029529號	優可注射液１公絲？公撮（唯克斯汀）
衛署藥製字第023398號	鹽酸罌粟？錠
衛署藥製字第031677號	康敏通糖漿１公絲？公撮（縮蘋果酸氯菲安明）
衛署藥製字第033886號	降壓注射液２．５公絲？公撮（苯氫氟甲基？醯胺）
衛署藥製字第027835號	平服疼注射液２０公絲？公撮（尼夫平）
衛署藥製字第027838號	炎妥淨膠囊２５公絲（？？美洒辛）
衛署藥製字第032684號	剋？乳膏５％（艾賽可威）
衛署藥製字第032695號	喜潰治注射液１５０公絲？公撮（希每得廷定）
衛署藥製字第032705號	得保命注射液１０公絲？公撮（杜帕明）
衛署藥製字第032707號	乃託？喃酮（耐挫敷隆）
衛署藥製字第036165號	尤妙理軟膏０．５公絲？公克（可洛貝他松）
衛署藥製字第036166號	尤妙理乳膏０．５公絲？公克（可洛貝他松）
衛署藥製字第026686號	力克痛注射液２０公絲？公撮　（尼夫平）
衛署藥製字第031741號	混？素膠囊
衛署藥製字第031744號	安？腸溶錠２０公絲（鳳梨酵素）
衛署藥製字第030762號	溫不妊Ｔ？２８糖衣錠〝家庭計畫一號口服避孕藥〞
衛署藥製字第030769號	美滋洗劑８０公絲？公撮（氧化鋅）
衛署藥製字第019706號	利暈鎮糖衣錠（敵芬尼？）
衛署藥製字第032715號	氯化鈉注射液２００公絲？公撮
衛署藥製字第032724號	捷復朗糖衣錠２５公絲（待芬尼？）〝台灣杏林〞
衛署藥製字第036059號	熱寧液３２公絲？公撮（對位乙醯氨基酚）
衛署藥製字第023416號	風炎寧膠囊（？？美哂辛）
衛署藥製字第032735號	海飛絲藥用洗髮粉２０公絲？公克（匹賽翁鋅）
衛署藥製字第026732號	阿洛爽注射液５公絲？公撮（卡巴棕）
衛署藥製字第024469號	麗歐迅黴素顆粒３７．５公絲？公克（克林達黴素）
衛署藥製字第030773號	優親水軟膏１５０公絲？公克（尿素）
衛署藥製字第025665號	暢血克注射液１００公絲？公撮（妥內散敏）
衛署藥製字第036074號	乖乖小兒袪痰糖漿２０公絲？公撮（卡玻西典）
衛署藥製字第036080號	優健仙眼藥水３公絲？公撮（紫菌）
衛署藥製字第033925號	待克菲那注射液２５公絲？公撮
衛署藥製字第033926號	安疏痰３公絲？公撮液（安布索）
衛署藥製字第030789號	防蚊液２８３．６８公絲？公撮（待乙妥）
衛署藥製字第036196號	安汝胃膠漿１３０公絲？公克（磷酸鋁）
衛署藥製字第032740號	膚適乳膏０．２５公絲？公克（氟欣諾隆）
衛署藥製字第032743號	新痛風寧凝膠１０公絲？公克（？？美洒辛）
衛署藥製字第032762號	伊痛免乳膏１００公絲？公克（伊妥芬那邁）
衛署藥製字第032763號	？喃達酮（？拉唑利酮）
衛署藥製字第023448號	凍晶安得進注射劑４０公絲（三磷酸腺？）
衛署藥製字第036088號	扁陀林注射液２０公絲？公撮（配妥西菲林）
衛署藥製字第037121號	克痛栓劑（？？美酒辛）
衛署藥製字第029535號	導呱片（二氯甲？治）
衛署藥製字第032764號	？喃達酮酸鹽（鹽酸？拉唑利酮）
衛署藥製字第032785號	嘴？乳膏５０公絲？公克（艾賽可威）
衛署藥製字第032789號	優迪注射液１０公絲？公撮（雷尼得定）
衛署藥製字第025672號	止血注射液１００公絲？公撮（妥內散敏）
衛署藥製字第024528號	縮蘋果酸麥角新鹼注射液０．２公絲？公撮
衛署藥製字第030807號	驅斑親水軟膏５０公絲？公克（氫？）
衛署藥製字第030812號	宜安素顆粒１２５公絲？５公撮口服水溶性懸浮液（紅絲菌素丙酯月
衛署藥製字第026772號	碳酸氫鈉注射液７０公絲？公撮
衛署藥製字第034867號	復安乳膏１０公絲？公克（百弗那挫）
衛署藥製字第034869號	福寧治痛乳膏３０公絲？公克（尼福密）
衛署藥製字第034871號	乃託？喃酮（耐挫敷隆）
衛署藥製字第034872號	？喃達酮（？拉唑利酮）
衛署藥製字第037127號	碳酸氫鈉注射液７０公絲？公撮〝安星〞
衛署藥製字第032792號	"榮民"得保命注射液20毫克？毫升(杜帕明)
衛署藥製字第032795號	硫酸鎂５００公絲？公撮注射液
衛署藥製字第032798號	絲比藥用洗髮粉２０公絲？公克（匹賽翁鋅）
衛署藥製字第031821號	治冒液１０公絲？公撮（阿曼他定）
衛署藥製字第036344號	吉妳凝膠０．６公絲？公克（氫偶素）
衛署藥製字第036357號	酸痛凝膠１００公絲？公克（伊妥芬那邁）
衛署藥製字第025691號	安克得淨消毒溶液１０％（氯化？二甲烴銨）
衛署藥製字第033942號	拓葩黴素４０公絲？公撮注射液（泰百黴素）
衛署藥製字第036239號	妥朗注射液４０公絲？公撮（泰百黴素）
衛署藥製字第023517號	安比西林膠囊５００公絲（胺？青黴素）
衛署藥製字第030821號	百福黴素注射液４０公絲？公撮（泰百黴素）
衛署藥製字第027939號	維六素注射液１００公絲？公撮（鹽酸？多辛）〝榮民〞
衛署藥製字第018252號	心律整注射液１公絲？公撮（健心寧）
衛署藥製字第018253號	毛地？錠０．２５公絲（毛地黃？）
衛署藥製字第033966號	林可黴素注射液３００公絲？公撮
衛署藥製字第034878號	？喃達酮鹽酸鹽（鹽酸？拉唑利酮）
衛署藥製字第034881號	胃能好懸液２０公絲？公撮（希每得定）
衛署藥製字第026782號	來克痢注射液６公絲？公撮（硫酸小蘗？）
衛署藥製字第033973號	帝達黴素顆粒３７．５公絲？公克（克林達黴素）
衛署藥製字第030838號	克達爽乳膏０．５公絲？公克（可洛貝他索）
衛署藥製字第027941號	維六素注射液５０公絲？公撮（鹽酸？多辛）〝榮民〞
衛署藥製字第027942號	硝基膚？軟膏（耐挫敷隆）
衛署藥製字第027944號	敏速平注射液４公絲？公撮（迪皮質醇）
衛署藥製字第037160號	凰恩乳膏５公絲？公克（匹洛西卡）
衛署藥製字第026807號	安泛黴素懸液用粉５００公絲？５公撮（西華杜西）
衛署藥製字第026814號	猛酸鎮膠囊２５公絲（？？美洒辛）
衛署藥製字第031877號	抑咳平顆粒１００公絲？公克（美蘇仿）
衛署藥製字第032826號	來福乳膏３０公絲？公克（尼福密）
衛署藥製字第032837號	滴舒樂注射液０．５公克？公撮（葡萄糖）
衛署藥製字第036386號	頓健息注射液８公絲？公撮（芬士比瑞）
衛署藥製字第031895號	怡樂平糖衣錠５０公絲（沙利苯？？）
衛署藥製字第033997號	安佳熱嬰兒滴劑１００公絲？公撮（對位乙醯氨基酚）
衛署藥製字第034001號	安濕寧軟膏５公絲？公克（匹洛西卡）
衛署藥製字第036284號	健達黴素注射液１４０公絲？公撮（見大黴素）
衛署藥製字第037170號	康絲洗髮精２０公絲？公克（克多可那挫）
衛署藥製字第027963號	康齡軟膏１００公絲？公克（斯卓廷）
衛署藥製字第030864號	徽克朗乳膏２０公絲？公克（克多可那挫）
衛署藥製字第030868號	伊斯能粉末（含糖）０．５公克？公克（車前子）
衛署藥製字第031922號	淨炎乳膏１０公絲？公克（？？美洒辛）
衛署藥製字第032884號	可欣黴素顆粒５００公絲？公克（賜福力欣）
衛署藥製字第026858號	皮佳治乳膏０．２５公絲？公克（貝克每松）
衛署藥製字第034015號	安克疹乳膏５０公絲？公克（艾賽可威）
衛署藥製字第037190號	克痢止膠囊２００公絲（尼福歐洒？）
衛署藥製字第037191號	紅徽素顆粒２００公絲？公克（紅絲菌素乙基琥珀酸醯）
衛署藥製字第036406號	喉立爽含漱液４．５公絲？公撮（普威隆碘）
衛署藥製字第036408號	歐寶琳乳膏５０公絲？公克（艾賽可威）
衛署藥製字第018291號	見大黴素注射液４０公絲？公撮
衛署藥製字第036300號	拉莫爾糖漿２５公絲？公撮（對位乙醯氨基酚）
衛署藥製字第031930號	康鼻定噴霧液（鹽酸玄甲羥麻黃？）
衛署藥製字第023566號	益膚寧－Ｂ６糖衣錠（磷酸？哆醛）
衛署藥製字第024639號	舒口含錠２公絲（？啶）
衛署藥製字第034899號	獨克士黴素顆粒５０公絲？公克（去氧羥四環素）
衛署藥製字第034902號	樂必信黴素口服懸浮液用粉２５公絲？公撮（賜福力欣）
衛署藥製字第034903號	安泛黴素懸液用粉５０公絲？公撮（西華卓西）
衛署藥製字第034905號	安泛黴素懸液用粉２５公絲？公撮（西華卓西）
衛署藥製字第034907號	活絡凝膠３０公絲？公克（可多普洛菲）
衛署藥製字第032897號	祝好軟膏０．５公絲？公克（可洛貝他松）
衛署藥製字第032898號	祝好乳膏０．５公絲？公克（可洛貝他松）
衛署藥製字第032928號	泛得林液０．４公絲？公撮（硫酸沙布坦）
衛署藥製字第029588號	耐搏生注射液４０公絲？公撮
衛署藥製字第029591號	服樂淨注射液５公絲？公撮（咪唑尼達）Ｒ
衛署藥製字第029593號	Ｒ喜年注射液５０公絲？公撮（去普寧）
衛署藥製字第029596號	耐搏生注射液１０公絲？公撮
衛署藥製字第034030號	愛舒疼顆粒２００公絲？公克（對位乙醯氨基酚）
衛署藥製字第025795號	黴膚寧乳膏１０公絲？公克（亦可那挫）
衛署藥製字第025803號	普密注射液１２５公絲？公撮（己醯羥化黃體素）
衛署藥製字第036413號	速舒乳膏１公絲？公克（丙特安皮質醇）
衛署藥製字第036420號	喜健注射液５０公絲？公撮（希索徽素）
衛署藥製字第034911號	克膚樂乳膏０．５公絲？公克（可洛貝他索）
衛署藥製字第034912號	克膚樂擦劑０．５公絲？公克（可洛貝他索）
衛署藥製字第034913號	汀娜乳膏０．５公絲？公克（瑞婷羅）
衛署藥製字第034915號	倍膚爽擦劑０．５公絲？公克（貝皮質醇）
衛署藥製字第029598號	亞曼達液１０公絲？公撮（阿曼他定）
衛署藥製字第029612號	治黴乳膏２０公絲？公克（克多可那挫）
衛署藥製字第037209號	愛愛美白斑潔乳膏４％（氫？）
衛署藥製字第032929號	喜多百寧外用液１０公絲？公撮（？？美洒辛）
衛署藥製字第034937號	妥彼屑洗髮精２％　Ｗ？Ｗ（克多可那挫）
衛署藥製字第037216號	優腦注射液２００公絲？公撮（披喇瑟盪）
衛署藥製字第030885號	美立廉糖衣錠２５公絲（鹽酸沙利苯？　）
衛署藥製字第025838號	擦免痛軟膏１％（？？美洒辛）
衛署藥製字第031948號	康速利錠５０公絲（氫氯苯？）
衛署藥製字第026865號	樂力克乳膏１００公絲？１公克（丁烯醯苯）
衛署藥製字第024691號	安比西林膠囊２５０公絲（胺？青黴素）
衛署藥製字第024709號	匹拉北特魯注射液１５０公絲？公撮
衛署藥製字第037244號	台大血液透析液１１１乙８１．２５公絲？公撮（碳酸氫鈉）
衛署藥製字第036313號	必舒乳膏１公絲？公克（百弗那挫）
衛署藥製字第036315號	可立舒乳膏０．５公絲？公克（可洛貝他索）
衛署藥製字第036317號	百克痛凝膠５０公絲？公克（伊妥芬那邁）
衛署藥製字第029626號	意如宮注射液（縮水蘋果酸麥角新？）
衛署藥製字第029638號	康齡藥性牙膏１００公絲？公克（斯卓廷）
衛署藥製字第034047號	西扶拉黴素糖漿用顆粒２００公絲？公克（賜福力欣）
衛署藥製字第024738號	來克寧注射液１０公絲？公撮（待克明）
衛署藥製字第032968號	司衛妥藥性牙膏１００公絲？公克（斯卓廷）
衛署藥製字第025862號	保痛樂顆粒５００公絲？公克（每非那）
衛署藥製字第026878號	痛獲平注射液２０公絲？公撮（尼夫平）
衛署藥製字第027994號	富合樂糖衣錠（磷酸？哆醛）
衛署藥製字第036333號	賜胃康懸液１３０公絲？公克（磷酸鋁）
衛署藥製字第025875號	可多普洛菲注射液５０公絲？公撮
衛署藥製字第025880號	舒痰顆粒２０公絲？公撮（乙基希賜典）
衛署藥製字第025890號	待克菲那注射液２５公絲？公撮
衛署藥製字第023622號	舒胃得寧注射液１５０公絲？公撮（希每得定）
衛署藥製字第023627號	免吐暈錠（敵芬尼？）
衛署藥製字第031989號	美而寧糖衣錠２５公絲（沙利苯？？）
衛署藥製字第036442號	必樂康痠痛軟膏５公絲？公克（匹洛西卡）
衛署藥製字第026909號	安泛黴素懸液用粉２５０公絲？５公撮（西華杜西）
衛署藥製字第037285號	艾妮舒液３公絲？公撮（普威隆碘）
衛署藥製字第025900號	紅黴素口服懸液用粉２５公絲？公撮（紅絲菌素丙脂月桂硫酸醯）
衛署藥製字第018394號	癒利壓錠（三氯甲？治）
衛署藥製字第018401號	佳平錠（格利？咯特）
衛署藥製字第037584號	伊貴琳陰道乳膏０．６２５公絲？公克（伊得蒙）
衛署藥製字第032006號	保膚健乳膏０．５公絲？公克（可洛貝他索）
衛署藥製字第036452號	"風熱友" 暈車船液（氯茶？二苯安明）
衛署藥製字第034089號	愛口口內膏１公絲？公克（丙酮特安皮質醇）
衛署藥製字第034089號	愛口口內膏１公絲？公克（丙酮特安皮質醇）
衛署藥製字第030918號	便通樂錠（番瀉？）
衛署藥製字第024765號	利舒？錠３０公絲（來縮酵素）
衛署藥製字第036466號	益女樂陰道乳膏０．１公絲？公克（氫偶素）
衛署藥製字第036467號	芙麗蓉美凝膠０．６公絲？公克（氫偶素）
衛署藥製字第036469號	比比黴素注射液１５０公絲？公撮（克林達黴素）
衛署藥製字第026921號	免敏注射液５公絲？公撮（縮蘋果酸氯菲安明）
衛署藥製字第026926號	安喀寶注射液１００公絲？公撮（乙基希賜典）
衛署藥製字第028021號	愛潔膚乳膏１公絲？公克（瑞婷羅）
衛署藥製字第034971號	福浼喀滴劑１２公絲？公撮（雅比樂林）〝臺灣東洋〞
衛署藥製字第026936號	利血命注射液５公絲？公撮（羥鈷胺）
衛署藥製字第024772號	維心定注射液５公絲？公撮（待匹力達）
衛署藥製字第024801號	皂化苯甲醯？酯洗劑
衛署藥製字第037593號	痛恩外用液１％（？？美酒辛）
衛署藥製字第037596號	施舒胃顆粒９００公絲？公克（斯克拉非）
衛署藥製字第037597號	喜美抗疤粉２０公絲？公克
衛署藥製字第029734號	莫安炎注射液２５公絲？公撮（待克菲那）
衛署藥製字第037350號	刻定痛乳膏０．７５公絲？公克
衛署藥製字第025948號	袪痰能顆粒２０公絲？公克（乙基希賜典）
衛署藥製字第025957號	卡巴松錠２５０公絲（苯胂酸？）
衛署藥製字第037356號	衛適康注射液５０公絲？公撮（斯比樂）
衛署藥製字第037377號	濃炎？腸溶糖衣錠１０公絲（鋸齒酵素）
衛署藥製字第033009號	莫林注射液５公絲？公撮（多普利杜）
衛署藥製字第033028號	舒口能口內膏１公絲？公克（丙酮特皮質醇）
衛署藥製字第026959號	杏復力口服懸液用粉２５公絲？公撮
衛署藥製字第026960號	泌特拜注射液１０公絲？公撮（服樂泄麥）
衛署藥製字第037607號	克催瑪汝乳膏２０公絲？公克
衛署藥製字第029746號	優健注射液５公絲？公撮（普若斯特汀）
衛署藥製字第024814號	止痛液２４公絲？公撮（對位乙醯氨基酚）
衛署藥製字第024815號	安莫克西林顆粒１００公絲？公克（安莫西林）
衛署藥製字第028058號	喜胃達凝膠１３０公絲？公克凝膠（磷酸鋁）
衛署藥製字第032008號	保膚健軟膏０．５公絲？公克（可洛貝他索）
衛署藥製字第033053號	雅咳寧散１００公絲？公克（梯比匹定）
衛署藥製字第030930號	安信黴素注射劑２５０公絲？公撮（艾米克信）
衛署藥製字第030944號	舒樂藥水（？剁美洒辛）
衛署藥製字第030945號	喜得鎮錠１．５公絲（甲基磺酸二氫麥角毒？）
衛署藥製字第026972號	施美胃定注射液１００公絲？公撮（希每得定）
衛署藥製字第034108號	必復康注射液２０公絲？公撮（匹若卡）
衛署藥製字第033068號	卡黴速停乳膏０．０１公克？公克（克催瑪汝）
衛署藥製字第030960號	敏康凝膠０．７５％（？？美酒辛）
衛署藥製字第025969號	目爽眼用懸液１公絲？公撮（迪皮質醇）
衛署藥製字第032025號	痛就擦藥水７．５公絲？公克（？？美洒辛）
衛署藥製字第029762號	拉秘朗滴劑７．５公絲？公撮（？可硫酸鈉）（Ｒ）
衛署藥製字第028103號	欣達凝膠０．２５公絲？公克（貝皮質醇）
衛署藥製字第033078號	棄得爽乳膏２０公絲？公克（克多可那挫）
衛署藥製字第033086號	凱復樂水溶性懸濁液用顆粒１８７公絲？５公撮（西華克樂）〝禮來
衛署藥製字第026996號	康黴乳膏１０公絲？公克（克催瑪汝）
衛署藥製字第034126號	凱復樂水溶性懸濁液用顆粒７５公絲？公撮（西華克樂）
衛署藥製字第034129號	林可黴素３００公絲？公攝注射液（林絲菌素）
衛署藥製字第029785號	疏痰能顆粒２０公絲？公克（乙基希賜典）
衛署藥製字第030977號	胃特注射液１０公絲？公撮（鹽酸雷尼得定）
衛署藥製字第030981號	嗽新注射液２公絲？公撮（布朗信）
衛署藥製字第030983號	必可寧乳膏０．５公絲？公克（氯貝他索丙酸）
衛署藥製字第030988號	見大黴素注射液１４０公絲？公撮（硫酸紫菌素）
衛署藥製字第030989號	力奇乳膏２０公絲？公克（克多可那挫）
衛署藥製字第036474號	胃泰寧注射液１０公絲？公撮（發模梯定）
衛署藥製字第036478號	安嗽液３公絲？公撮（安布索）
衛署藥製字第036481號	安特斯乳膏５０公絲？公克（艾賽可威）
衛署藥製字第019799號	活性維生素Ｂ６注射液（磷酸？哆醛）
衛署藥製字第034983號	優泌林－常型注射劑１００單位？公撮（常規型人體胰島素（基因重
衛署藥製字第034984號	優泌林－中效型懸液注射劑１００單位？公撮（ＮＰＨ型人體胰島素
衛署藥製字第027021號	米卡黴素注射液１００公絲？公撮（艾米克信）
衛署藥製字第029799號	舒暢錠（番瀉？）
衛署藥製字第027058號	喘平糖漿２公絲？公撮（歐希林）
衛署藥製字第033097號	安蒙西林顆粒（安莫西林）２００公絲？公克
衛署藥製字第037637號	保胃康懸液２０公絲？公撮（希每得定）
衛署藥製字第037381號	倍姿乳膏０．５公絲？公克（瑞婷羅）
衛署藥製字第037385號	通鼻通噴鼻劑０．５公絲？公撮（異每達佐林）
衛署藥製字第037388號	血液透析液６號５０．７１公絲？公撮（碳酸氫鈉）
衛署藥製字第028132號	爾胃適寧－普懸液６１．９５公絲？公撮（氫氧化鋁）
衛署藥製字第018433號	活性維生素乙６膠囊（磷酸？哆醛）
衛署藥製字第024883號	待克菲那注射液２５公絲？公撮
衛署藥製字第025977號	安莫西林顆粒２００公絲？公克
衛署藥製字第025978號	舒胃淨注射液１５０公絲？公撮（希每得定）
衛署藥製字第038087號	救筋酸痛軟膏５公絲？公克（匹洛西卡）
衛署藥製字第032072號	賴皮軟膏０．５公絲？公克（可洛貝他索）
衛署藥製字第038093號	治酸能噴液７．５公絲？公撮（？　美洒辛）
衛署藥製字第038094號	祝好軟膏０．５公絲？公克（可洛貝他索丙酸）
衛署藥製字第038098號	伏加斯肉注射液２０公絲？公撮（匹若卡）
衛署藥製字第038104號	？？胺錠５００公絲（？？醯胺）
衛署藥製字第029803號	安膚淨乳膏１０公絲？公克（達淨磺胺銀）
衛署藥製字第037393號	膚潔乳膏１公絲？公克（瑞婷羅）
衛署藥製字第029813號	易菌淨注射劑５００公絲？３公撮（歐尼達諾）
衛署藥製字第036486號	寶爾潔白美芙凝膠０．１公絲？公克（瑞婷羅）
衛署藥製字第032107號	舒髮潔比藥用洗髮粉０．０２公克？公克（匹賽翁鋅）
衛署藥製字第032108號	舒髮潔比藥用洗髮乳０．０２公克？公克（匹賽翁鋅）
衛署藥製字第024913號	導安寧錠５０公絲（氯苯？二苯胺明）
衛署藥製字第027108號	適達四環素糖漿２５公絲？公撮（鹽酸四環素）
衛署藥製字第039050號	舒痰顆粒２０公絲？公克（乙醯希賜典）
衛署藥製字第039051號	傑米娜乳膏４０公絲？公克（氫昆）
衛署藥製字第038111號	綠賜明點眼液１％（毛果芸香？）
衛署藥製字第038113號	綠賜明點眼液２％（毛果芸香？）
衛署藥製字第035010號	西法力新顆粒５００公絲？公克（賜福力欣）〝培力〞
衛署藥製字第035035號	？寧乳膏５０公絲？公克（艾賽可威）
衛署藥製字第026052號	美宜？錠
衛署藥製字第026054號	希仕因顆粒４０公絲？公克（西士恩）
衛署藥製字第037453號	利卡因注射液２０公絲？公撮（利度卡因）
衛署藥製字第032118號	優克信黴素注射液２５０公絲？公撮（艾米克信）
衛署藥製字第032119號	優克信黴素注射液１２５公絲？公撮（艾米克信）
衛署藥製字第032125號	博治痛注射液２０公絲？公撮（匹若西卡）
衛署藥製字第034150號	利保壽注射液１００公絲？公撮（果糖）
衛署藥製字第037657號	易麗白乳膏４％（氫？）
衛署藥製字第037658號	必治炎凝膠５公絲？公克（匹若卡）
衛署藥製字第037662號	若蘭仙施面皰凝膠１０公絲？公克（克林達微素）
衛署藥製字第037506號	新歡婦女洗潔液３公絲？公撮（普威隆碘）
衛署藥製字第028168號	使立復乳膏１０公絲？公克（磺胺嘧啶銀）
衛署藥製字第028169號	克百黴乳膏１０公絲？公克（希克比羅斯）
衛署藥製字第034173號	惠而康凝膠５公絲？公克（匹若卡）
衛署藥製字第031105號	安比西林鈉注射劑１公克（胺？青黴素）
衛署藥製字第031109號	葳露乳膏０．５公絲？公克（瑞婷羅）
衛署藥製字第035053號	剋菌寧乳膏２０公絲？公克（克多可那挫）
衛署藥製字第035063號	咳服舒糖漿２０公絲？公撮（格利西力）〝久保〞
衛署藥製字第035067號	暢得平８公絲？公撮注射液（芬士比瑞）〝瑞士〞
衛署藥製字第036510號	景隆肌肉？靜脈乾粉注射劑
衛署藥製字第029852號	舒膚爽乳膏５公絲？公克（丙酮特安皮質醇）
衛署藥製字第024978號	特復拉西注射液４０公絲？公撮
衛署藥製字第024991號	敵暈尼？糖衣錠２５公絲
衛署藥製字第037691號	必樂康乳膏１０公絲？公克（匹若卡）
衛署藥製字第037695號	優目眼藥水５公絲？公撮（第莫洛）
衛署藥製字第037524號	伊柔洗髮精２０公絲？公克（克多可那挫）
衛署藥製字第037529號	二硫化？胺明硝酸鹽原末
衛署藥製字第035083號	莫吐注射液５公絲？公撮（多普利杜）〝壽元〞
衛署藥製字第028213號	賜心平注射液２．５公絲？公撮（唯律脈必利）
衛署藥製字第029867號	濕痛膠囊２５公絲（？？美洒辛）
衛署藥製字第035086號	婦喜乳膏０．６公絲？公克（氫偶素）〝正長生〞
衛署藥製字第032158號	妙咳清顆粒４０公絲？公克（乙醯希賜典）
衛署藥製字第032160號	康血治片０．２５公絲（蛇根？）
衛署藥製字第027147號	見大黴素注射液８０公絲？公撮（硫酸紫菌素）
衛署藥製字第033197號	那利敵新錠（？利啶酸）５００公絲
衛署藥製字第026094號	惠皮安陰道乳膏１０公絲？公克（亦可那挫）
衛署藥製字第032167號	足爽乳１０膏公絲？公克（希克比羅斯）
衛署藥製字第032174號	海飛絲藥用洗髮膏２０公絲？公克（匹賽翁鋅）
衛署藥製字第027161號	凍晶維？注射劑２０公絲（可伯雷）
衛署藥製字第027162號	潰胃平注射液５公絲？公撮（匹雷辛平）
衛署藥製字第031143號	喉露小兒糖漿２０公絲？公撮（卞玻西典）
衛署藥製字第031150號	樂？遁軟膏
衛署藥製字第038197號	脈寶內服液９．６公絲？公撮（白果配醣體）
衛署藥製字第028255號	立多卡因注射液２０公絲？公撮
衛署藥製字第034289號	高施２００公絲？公撮注射液（抗壞血酸）
衛署藥製字第034290號	金胃福賜懸液１３０公絲？公克
衛署藥製字第034292號	口舒０．０５％漱口液（？啶）
衛署藥製字第036528號	愛樂康膠囊２５公絲（？？美洒辛）
衛署藥製字第036546號	斑麗白乳膏２％（氫？）
衛署藥製字第033212號	露寶爽液５公絲？公克（特克善）
衛署藥製字第033215號	特博欣注射液４０公絲？公撮（泰百黴素）〝永豐〞
衛署藥製字第031151號	樂？遁－慰歐仿乳膏
衛署藥製字第038210號	消腫軟膏１０公絲？公克（？？美酒辛）
衛署藥製字第037716號	寶麗芙乳膏％（氫？）
衛署藥製字第037719號	寶齒液滴液４．９７公絲？公撮（氟化納）〝人人〞
衛署藥製字第037722號	利爾注射液１０公絲？公撮（雷尼得定）
衛署藥製字第037548號	立多卡因注射液１０公絲？公撮（鹽酸利度卡因）
衛署藥製字第037550號	安炎注射液１２５公絲？公撮（艾米克信）
衛署藥製字第037553號	必潔外用液４０公絲？公撮（克羅希西定）
衛署藥製字第033227號	咳嗽糖漿２０公絲？公撮（格利西力）
衛署藥製字第033240號	舒鼻寧錠６０公絲（鹽酸假麻黃？錠）
衛署藥製字第032181號	膚欣乳膏５００微公克？公克（可洛貝他索）
衛署藥製字第034296號	痛奇１５公絲？公撮糖漿
衛署藥製字第029945號	咳津錠２５公絲（鹽酸甲基麻黃？）（Ｒ）
衛署藥製字第026157號	抗痛錠２０公絲（待美索塞？）
衛署藥製字第026160號	愛口爽含錠２公絲（？啶）
衛署藥製字第028322號	奧非炎乳膏１０公絲？公克（達淨磺胺銀）
衛署藥製字第041513號	免暈液０．４公絲？公撮（縮蘋酸氯菲安明）　〝美西〞
衛署藥製字第036577號	尿舒錠５０公絲（氯化？酯膽＊）
衛署藥製字第036581號	濕痛寧凝膠５公絲？公克（匹若卡）
衛署藥製字第035141號	安莫西林顆粒２００公絲？公克〝大豐〞
衛署藥製字第041514號	壽元彼索康凝膠１０公絲？公克（匹洛西卡）
衛署藥製字第033261號	黃體素注射液５０公絲？公撮
衛署藥製字第031179號	益爾爽錠２５公絲（氫氯苯？）
衛署藥製字第031180號	普樂明錠８公絲（普氯苯？？）
衛署藥製字第027199號	麥而妥注射液１００公絲？公撮（麥芽糖）
衛署藥製字第027204號	德利滅痢錠５０公絲（鞣酸小？？）
衛署藥製字第040357號	舒炎顆粒１５０公絲？公克（異布洛芬）
衛署藥製字第044090號	多搏威注射液４０公絲？公撮
衛署藥製字第028338號	易多能散１０公絲？公克
衛署藥製字第031198號	仁黴素點眼液３公絲（力價）？公撮（待匹克信）
衛署藥製字第032226號	納痢達錠５００公絲（？利啶酸）
衛署藥製字第032231號	敷立康軟膏０．２５公絲？公克（丙酮氟欣諾隆）
衛署藥製字第037790號	吉胃兒凝膠１３０公絲？公克（磷酸鋁）
衛署藥製字第042771號	歐婷娜面皰凝膠０．２５公絲？公克（瑞婷羅）〝永信〞
衛署藥製字第038231號	滿福膠漿１２３．８公絲？公克（磷酸鋁）
衛署藥製字第038233號	達康胃懸液２０公絲？公撮（希每得定）
衛署藥製字第040365號	樂菌畢水溶性懸濁液用顆粒２０公絲？公撮（羅拉卡倍芙）
衛署藥製字第040366號	樂菌畢水溶性懸濁液用顆粒４０公絲？公撮（羅拉卡倍芙）
衛署藥製字第028349號	消炎錠（磺胺甲氫達？）
衛署藥製字第028350號	時欣黴素注射液１００公絲？公撮（艾米克信）
衛署藥製字第037805號	普樂凝膠劑５公絲？公克（匹若卡）
衛署藥製字第037806號	醫痛凝膠５０公絲？公克（伊妥芬那邁）
衛署藥製字第039057號	速痰顆粒６６．６７公絲？公克（乙醯希賜典）
衛署藥製字第039065號	重曹注射液７０公絲？公撮（碳酸氫鈉）
衛署藥製字第028441號	賜黴素注射液５０公絲？公撮（希索黴素）
衛署藥製字第034355號	善克疹乳膏５０公絲？公克（艾賽可威）
衛署藥製字第027265號	必免痛注射液２０公絲？公撮（尼夫平）
衛署藥製字第027276號	立滋膚乳膏５０公絲？公克（本溶塞）
衛署藥製字第027277號	見大黴素注射液１４０公絲？公撮（硫酸紫菌素）
衛署藥製字第039082號	維他保注射液０．５公絲？公撮（甲鈷胺明）
衛署藥製字第033291號	黴可速撲孔膏１０公絲？公克（百弗那挫）
衛署藥製字第032253號	賜復樂顆粒５００公絲？公克
衛署藥製字第035170號	舒腱凝膠５公絲？公克（匹洛西卡）〝瑞安〞
衛署藥製字第034363號	康欣黴素注射液２５０公絲？公撮（艾米克信）
衛署藥製字第034371號	美樂０．２５公絲？公克乳膏（貝克每松）
衛署藥製字第042777號	貼樂蒙貼片４公絲？１０平方公分（氫偶素）〝生達〞
衛署藥製字第042802號	息敏糖漿０．４公絲？公撮（鹽酸塞浦希他啶）〝信東〞
衛署藥製字第044119號	福杏點眼液１公絲？公撮
衛署藥製字第044123號	雙合黴素糖漿用粉劑　３１．２５公絲？公撮
衛署藥製字第028452號	補斯可胖糖衣錠１０公絲（東莨菪？）
衛署藥製字第028459號	凱復力懸液２５０公絲？５公撮（賜福力欣）
衛署藥製字第027307號	優賜定注射液２．５公絲？公撮（唯律脈必利）
衛署藥製字第027308號	達淨磺胺乳膏５０公絲？公克
衛署藥製字第027319號	凱福朗複顆粒５００公絲？公克（賜福力欣）
衛署藥製字第034502號	克蝨２５％乳劑（苯甲酸？酯）
衛署藥製字第036669號	胃潰定注射液１０公絲？公撮（發模梯定）
衛署藥製字第026192號	安比西林膠囊５００公絲（胺？青黴素）
衛署藥製字第044126號	柔芙白美白凝膠２０公絲？公克（氫錕）〝永勝〞
衛署藥製字第044130號	蜜蜜熊便利通滴劑７．５公絲？公撮（　可硫酸鈉）
衛署藥製字第038248號	舒膚淨軟膏２公絲？公克（耐挫敷隆）
衛署藥製字第041566號	回春酸痛凝膠１００公絲？公克（伊妥芬那邁）
衛署藥製字第041567號	回春酸痛凝膠５０公絲？公克（伊妥芬那邁）
衛署藥製字第041569號	平痰息液３公絲？公撮（安布索）
衛署藥製字第035185號	華寶乳膏２０公絲？公克（克多可那挫）〝明德〞
衛署藥製字第028463號	甘膽寧注射液１００公絲？公撮（普梯樂）
衛署藥製字第028464號	鎮定注射液１２５公絲？公撮
衛署藥製字第033313號	普淨殺菌消毒液１００公絲？公撮（普威隆碘）
衛署藥製字第033321號	耐胃注射液２５公絲？公撮（鹽酸雷尼得定）
衛署藥製字第044137號	美力欣顆粒１００公絲？公克（鹽酸美諾四環素）〝華興〞
衛署藥製字第044160號	鬥痘凝膠２０公絲？公克〝正和〞
衛署藥製字第044166號	痛寧舒泰凝膠５公絲？公克〝杏輝〞
衛署藥製字第036691號	胃潰適液２０公絲？公撮（希每得定）
衛署藥製字第036695號	凱蕾洗髮精２０公絲？公撮（克多可那挫）
衛署藥製字第026224號	咳酚糖漿２０公絲？公撮（格利西力）
衛署藥製字第037917號	戰痘乳膏０．５公絲？公克（瑞婷羅）
衛署藥製字第041572號	馥黴樂乳膏１０公絲？公克（克氯黴唑）〝全福〞
衛署藥製字第041573號	洛宜藥膏０．５公絲？公克（可洛貝他索丙酸）〝全福〞
衛署藥製字第035186號	麗顏乳膏４０公絲？公克（氫昆）〝瑞安〞
衛署藥製字第035187號	益汝樂凝膠０．６公絲？公克（氫偶素）〝寶齡富錦〞
衛署藥製字第035191號	果糖注射液５０公絲？公撮
衛署藥製字第038271號	妥普欣注射液４０公絲？公撮（泰百徽素）
衛署藥製字第038273號	減達凝膠７．５公絲？公克（咪唑尼達）
衛署藥製字第042808號	筋痛寧凝膠７．５公絲？公克（引朵美洒辛）〝佐藤〞
衛署藥製字第034513號	艾美斯液１０公絲？公撮（？？美洒辛）
衛署藥製字第035215號	替你美藥粉２０公絲？公克（老公根）〝五洲〞
衛署藥製字第035216號	清爽洗髮精２０公絲？公撮（克多可那挫）〝寶齡富錦〞
衛署藥製字第027348號	舒捷乳膏１公絲？公克（安適諾寧）
衛署藥製字第027352號	安使康命注射液５０公絲？公撮（維他命Ｃ）
衛署藥製字第038284號	保得命注射液１２．５公絲？公撮（多保他命）
衛署藥製字第034529號	凱旋黴素注射液２５０公絲？公撮（艾米克信）
衛署藥製字第036737號	玉白乳膏４％（氫？）
衛署藥製字第036739號	？好乳膏５％（艾賽可威）
衛署藥製字第036750號	克炎乳膏３０公絲？公克（尼福密）
衛署藥製字第034538號	膚爾康乳膏０．２５公絲？公克（氟欣諾隆）
衛署藥製字第035270號	安鎮炎凝膠５０公絲？公克（伊妥芬那邁）
衛署藥製字第028477號	時欣黴素注射液２５０公絲？公撮（艾米克信）
衛署藥製字第033379號	永克黴乳膏２０公絲？公克（克多可那挫）
衛署藥製字第036787號	速復寧乳膏１０公絲？公克（遠淨磺胺銀）
衛署藥製字第038297號	露露頭皮水０．０５％Ｗ？Ｗ（可洛貝他索丙酸）
衛署藥製字第038300號	仙蒂拉乳膏１０公絲？公克（老公根）
衛署藥製字第038313號	力克樂注射液５公絲？公撮（迪皮質醇）
衛署藥製字第036811號	胃潰適注射劑１００公絲？公撮（希每得定）
衛署藥製字第036835號	克膚舒乳膏０．５公絲？公克（氯貝他索丙酸）
衛署藥製字第042841號	足得治液２０公絲？公撮（水楊酸）
衛署藥製字第036868號	維他命Ｃ注射液２５０公絲？公撮
衛署藥製字第036876號	抗壞血酸注射液２５０公絲？公撮
衛署藥製字第035284號	胃喜佳懸浮液２０公絲？公撮（希每得定）〝全福〞
衛署藥製字第035285號	順胃錠１０公絲（東莨菪？）〝羅得〞
衛署藥製字第035293號	替你美乳膏１０公絲？公克（老公根）
衛署藥製字第033383號	艾德炎乳膏１００公絲？公克（伊妥芬那邁）
衛署藥製字第035296號	百多邦黴素軟膏２０公絲？公克（牟比若欣）
衛署藥製字第035333號	康吐佳懸浮液１０公絲？公撮（多普利杜）〝金福〞
衛署藥製字第028502號	備勞喘液０．５公絲？公撮（菲諾特洛氫溴酸鹽）
衛署藥製字第035351號	恬寧小兒滴劑１００公絲？公撮（對位乙醯氨基酚）
衛署藥製字第042879號	健舒注射液１０公絲？公撮（艾翠克瑞）〝健亞〞
衛署藥製字第033418號	優得寧注射液５公絲？公撮（哈泊度）
衛署藥製字第033424號	利黴淨乳膏１０公絲？公克（布克比羅斯）
衛署藥製字第033431號	舒通錠６０公絲（鹽酸假麻黃？）
衛署藥製字第036884號	特黴素眼藥水３公絲？公撮（泰百黴素）
衛署藥製字第036887號	優護特凝膠１０公絲？公克（？？美酒辛）
衛署藥製字第034555號	治風濕痛凝膠５０公絲？公克（伊妥芬那邁）
衛署藥製字第033436號	使胃寧注射液１００公絲？公撮（希每得定）
衛署藥製字第037995號	克暈注射液５０公絲？公撮（氯苯鹼二苯安明）
衛署藥製字第038014號	足寶乳膏１０公絲？公克（希克比羅斯）
衛署藥製字第028537號	鎮寧膠囊２２．５公絲（縮蘋果酸普氯苯？？）
衛署藥製字第044169號	安蒙西林口服懸液用粉劑２５公絲？公撮（三水合安莫西林）
衛署藥製字第044173號	玉容乳膏１００公絲？公克〝溫士頓〞
衛署藥製字第038317號	得利敏注射液５０公絲？公撮（氯苯鹼二苯安明）
衛署藥製字第038022號	愛疏痛顆粒２００公絲？公克（對位乙醯氨基酚）
衛署藥製字第038053號	佳得胃注射液２５公絲？公撮（雷尼得定）
衛署藥製字第028546號	妥膚淨（Ｒ）益潤膏０．５公絲？公克（氟欣諾能）
衛署藥製字第027403號	拉莫爾糖漿２５公絲？公撮（對位乙醯氨基酚）
衛署藥製字第042918號	解熱痛懸液２０公絲？公撮（伊普）〝明德〞
衛署藥製字第035363號	邁可康外用液１０公絲？公撮（百弗那挫）〝壽元〞
衛署藥製字第035364號	安滋乳膏０．３３公絲？公克（古阿蘇連）〝派頓〞
衛署藥製字第042935號	蘿雅帝詩乳膏０．５公絲？公克（瑞婷羅）〝恆安〞
衛署藥製字第042937號	培爾吉平注射液１公絲？公撮（尼卡第平）
衛署藥製字第040452號	炎痛清膠囊（？？美西辛）
衛署藥製字第040458號	“正和”愛新凝膠１５毫克？公克（艾士辛）
衛署藥製字第044199號	炎立舒泰凝膠５０公絲？公克〝杏輝〞
衛署藥製字第044234號	多息炎　凝膠１０公絲？公克
衛署藥製字第032305號	妥邁霖防蚊液２８３．６８公絲？公撮（待乙妥）
衛署藥製字第028578號	皮立潔乳膏０．５公絲？公克（可洛貝他索）
衛署藥製字第036907號	必利絡注射液２公絲？公撮
衛署藥製字第042953號	樂敦眼藥水０．５公絲？公撮（四氫咪唑）
衛署藥製字第042963號	防蚊液１９０公絲？公撮
衛署藥製字第035444號	克黴寧乳膏２０公絲？公克（克多可那挫）
衛署藥製字第035451號	華蓉乳膏１０公絲？公克（艾索那挫）
衛署藥製字第035455號	滅喘糖漿０．４公絲？公撮
衛署藥製字第044255號	消炎鎮痛懸浮液２０公絲？公撮〝蜜蜜熊〞
衛署藥製字第034577號	艾米克信１２５公絲？公撮注射液
衛署藥製字第032307號	仁山利舒洗髮精２％Ｗ？Ｗ（克多可那挫）
衛署藥製字第036929號	抵蟲凝膠１５０公絲？公克（待乙妥）
衛署藥製字第036933號	保膚克乳膏０．２５公絲？公克（氟欣諾隆）〝久保〞
衛署藥製字第036934號	立克防蚊液２８３．６８公絲？公撮（待乙妥）
衛署藥製字第036941號	定喘樂吸入液０．２５公絲？公撮（溴化伊普托品）
衛署藥製字第038075號	可體灌腸液１．６６７公絲？公撮（皮質醇）
衛署藥製字第044268號	可達黴素凝膠１０公絲？公克〝大豐〞
衛署藥製字第041585號	尼斯可脫那黴乳膏１０公絲？公克（妥奈泰）
衛署藥製字第041600號	血迅注射液１００公絲？公撮（妥內散酸）〝生達〞
衛署藥製字第042975號	綠的消毒藥水５公絲？公撮（克羅希西汀）
衛署藥製字第041628號	萬博黴懸液用粉５０公絲？公撮（安莫西林）
衛署藥製字第040470號	維他命乙６錠１０公絲（鹽酸？多辛）
衛署藥製字第044364號	目妥明點眼液１０公絲？公撮”瑞安”　　　　　　　　　　　　　 A
衛署藥製字第028590號	趾救粉劑２０公絲？公克（邁可那挫）
衛署藥製字第035465號	泰爾定懸浮液６公絲？公撮（特芬那定）
衛署藥製字第044396號	敏福　糖漿１公絲？公撮
衛署藥製字第032318號	瑞淋注射液３００公絲？公撮（林絲菌素）
衛署藥製字第032325號	麻腫消凝膠１０公絲？公克（？？美洒辛）
衛署藥製字第036952號	速克腫軟膏４２．６公絲？公克〝北進〞
衛署藥製字第044400號	艾妮美　凝膠０．５公絲？公克”華興”　　　　　　　　　　　　 A
衛署藥製字第044415號	克黴淨　乳膏１０公絲？公克〝南光〞
衛署藥製字第044423號	白美乳膏２０公絲？公克〝新喜〞
衛署藥製字第040514號	保妳蒙注射液５０公絲？公撮（黃體素）
衛署藥製字第040524號	酸痛軟膏１０公絲？公克（？？美酒辛）
衛署藥製字第035471號	可達爽乳膏０．５公絲？公克（可洛貝他索丙酸）
衛署藥製字第036969號	愛仕達凝膠０．６公絲？公克（氫偶素）〝政德〞
衛署藥製字第036976號	艾莎琳注射液３０公絲？公撮（氯化鈉）〝台裕〞
衛署藥製字第036979號	拿得適噴鼻液０．５公絲？公撮（異每達佐林）〝信元〞
衛署藥製字第036998號	舒寧內服液１．２５公絲？公撮（杜西拉明）
衛署藥製字第032338號	膠寧僂軟膏１０公絲？公克（引？美酒辛）
衛署藥製字第041650號	麗舒洗髮精１％Ｗ？Ｗ（克康那唑）〝成大〞
衛署藥製字第032348號	悠美膚乳膏０．５公絲？公克（可洛貝他松）
衛署藥製字第032351號	悠美膚軟膏０．５公絲？公克（可洛貝他松）
衛署藥製字第037027號	麗柔洗髮精２％Ｗ？Ｗ（克多可那挫）〝政德〞
衛署藥製字第037029號	尼福樂膠囊２００公絲（尼福歐洒？）〝黃氏〞
衛署藥製字第037030號	維多幸腸溶錠３０公絲（磷酸？多辛）〝華興〞
衛署藥製字第044571號	安多芬液０．２公絲？公撮〝華盛頓〞
衛署藥製字第027424號	安使康命注射液１００公絲？公撮
衛署藥製字第039250號	神采惠皮安乳膏１０公絲？公克（亦可那挫）
衛署藥製字第044617號	抗壞血酸注射液５０公絲？公撮〝南光〞
衛署藥製字第028613號	氣舒痰液２公絲？公撮（布朗信鹽酸鹽）
衛署藥製字第028616號	皮膚秀乳膏０．５公絲？公克（氟欣諾能）
衛署藥製字第043000號	健那諾靜脈注射劑２公絲？公撮（氟可那挫）
衛署藥製字第035500號	立爾霸注射液０．５公絲？公撮（甲鈷胺明）
衛署藥製字第035504號	定喘樂定量噴霧液０．４公絲？公撮（溴化伊普托品）
衛署藥製字第043033號	克濕淨液１００公絲？公撮（十一烯酸）
衛署藥製字第043036號	婦女噴洗液３公絲？公撮（普維酮－碘）〝人生〞
衛署藥製字第047313號	"順華" 長葉毛地黃？注射液
衛署藥製字第037056號	瘍勝液２４公絲？公撮（三氧化二鉍）〝寶齡富錦〞
衛署藥製字第038426號	安體痢膠囊２００公絲（尼福歐洒？）
衛署藥製字第040547號	減得錠１００公絲？（美托普洛）
衛署藥製字第043068號	欣咳痰成人用液５０公絲？公撮（卡玻西典）〝信東〞
衛署藥製字第028658號	艾舒寶液３．０公絲？公撮
衛署藥製字第041665號	黴離乳膏２０公絲？公克（克康那唑）〝中國化學〞
衛署藥製字第035509號	黴克必乳膏１０公絲？公克（百弗那挫）
衛署藥製字第035510號	華齡霜２％（氫？）
衛署藥製字第037075號	鉍適內服液２４公絲？公撮（三氧化二鉍）〝瑞安〞
衛署藥製字第037077號	愛潤凝膠０．６公絲？公克（氫偶素）〝內外〞
衛署藥製字第028799號	"杏輝" 比樂林錠５００公絲（？？醯胺）
衛署藥製字第035595號	五福普洛拍拉卡因眼藥水５公絲？公撮
衛署藥製字第035597號	特必邁眼藥水４公絲？公撮（挫匹卡邁）
衛署藥製字第043116號	必樂康凝膠１０公絲？公克（匹洛西卡）〝明大〞
衛署藥製字第041674號	舒舒洗髮精１０公絲？公克（克康那唑）〝美西〞
衛署藥輸字第000614號	菸？醯胺（維他命ＰＰ）
衛署藥製字第040566號	優皮護乳膏１０公絲？公克（亦可那挫）
衛署藥製字第040569號	克那微乳膏２０公絲？公克（克康那唑）
衛署藥製字第043138號	必膚妥乳膏１０公絲？公克〝人人〞
衛署藥輸字第001749號	菸？酸
衛署藥輸字第001750號	異菸？醯胼
衛署藥輸字第001751號	菸？醯胺
衛署藥製字第041689號	五英酸痛液１０公絲？公撮（引朵美酒辛）
衛署藥製字第041690號	酸痛功夫軟膏１０公絲？公克（引朵美洒辛）〝萬能〞
衛署藥製字第041728號	麗絲洗髮精２％ｗ？ｗ（克康那唑）〝成大〞
衛署藥製字第035646號	益而爽軟膏４００公絲？公克（氧化鋅）
衛署藥輸字第000632號	賽克注射液０．１公克？公撮
衛署藥製字第040581號	鎮痛凝軟膏３０公絲？公克（可多普洛菲）
衛署藥製字第041735號	胃福袪痰顆粒１２５公絲？公克（卡玻西典）
衛署藥輸字第001753號	普羅卡因？基青黴素（注射用粉）
衛署藥製字第035655號	去疤痕癒膚乳膏５０公絲？公克（阿撤米酸）
衛署藥製字第035658號	鼻滴通滴劑１公絲？公撮（西羅美塔柔林）
衛署藥製字第035659號	果糖注射液１００公絲？公撮
衛署藥製字第035662號	痢必寧內服液０．２公絲？公撮（樂必寧）
衛署藥製字第035666號	莫拉定液０．２公絲？公撮（樂必寧）
衛署藥製字第035668號	鎮暈注射液２０公絲？公撮（敵芬尼朵）
衛署藥輸字第002959號	消旋鹽酸甲麻黃？
衛署藥輸字第000682號	羥化？唑丁烷
衛署藥製字第040654號	婦美寧凝膠０．６公絲？公克（氫偶素）
衛署藥輸字第002967號	？？羥胺
衛署藥製字第038501號	思麗安乳膏２００公絲？公克（雅潔麗酸）
衛署藥製字第043189號	適喘寧液０．５公絲？公撮〝晟德〞
衛署藥製字第043214號	伏加斯凝膠１０公絲？公克（匹洛西卡）
衛署藥輸字第002981號	鹽酸甲基麻黃？
衛署藥製字第041799號	芙麗美白凝膠１０公絲？公克（氫　昆）
衛署藥製字第040657號	妮可舒洗精１％Ｗ？Ｗ（克康那唑）
衛署藥製字第035678號	胃可麗１０公絲錠（氯化？酯膽　）
衛署藥輸字第000708號	？唑丁烷
衛署藥輸字第000709號	硫酸金雀花？
衛署藥製字第038511號	黴淨乳膏１０公絲？公克（艾索那挫）
衛署藥製字第038512號	偉霸黴素懸浮劑用顆粒２０公絲？公克（去氧羥四環素）
衛署藥輸字第003005號	硫酸金雀花？
衛署藥輸字第003008號	異菸醯？酸
衛署藥輸字第001830號	三美蘇普？
衛署藥製字第035695號	克痛液１０公絲？公撮（？？美洒辛）
衛署藥製字第035696號	膚麗凝膠７．５公絲？公克（咪唑尼達）
衛署藥製字第038540號	膚美能乳膏１０公絲？公克（老公根）
衛署藥製字第038542號	五英酸痛液７．５公絲？公撮（？？美酒辛）
衛署藥輸字第003907號	纖維分解？１０００
衛署藥輸字第003911號	三美蘇普？
衛署藥輸字第003912號	４－羥？唑嘧啶
衛署藥製字第041810號	克膚黴乳霜１０公絲？公克（克氯黴唑）
衛署藥輸字第003018號	鹽酸硫代利噠？
衛署藥輸字第003027號	三磷酸腺？鈉
衛署藥輸字第001850號	Ｎ－Ｎ？雙苯乙烯二胺苯氧甲烯青黴素（注射用）
衛署藥製字第041836號	滅菌佳得注射液５公絲？公撮（硝基甲嘧坐乙醇）
衛署藥輸字第001856號	？唑丁烷
衛署藥輸字第001857號	羥化？唑丁烷
衛署藥製字第038588號	酸痛凝膠１％（？？美酒辛）
衛署藥製字第038597號	舒眠內服液０．２５％公絲？公撮（杜西拉明）
衛署藥製字第038601號	清眼點眼液０．２５公絲？公撮（異每達佐林）
衛署藥輸字第000756號	胰凝乳蛋白？
衛署藥製字第043307號	蘿雅蒂詩潔白４０霜公絲？公克〝恆安〞
衛署藥製字第041842號	滅痰液３公絲？公撮（安布索）
衛署藥輸字第003960號	鹽酸苯甲麻黃？
衛署藥輸字第003961號	異菸？醯胼
衛署藥輸字第003966號	異菸鹼醯？
衛署藥輸字第003972號	？唑丁烷
衛署藥輸字第003974號	磺胺甲氧基噠？
衛署藥製字第039308號	伯力黴素顆粒２０公絲？公克（美諾四環素）
衛署藥製字第039310號	痛得貼藥膠布（？？美酒辛）〝內外〞
衛署藥製字第038614號	克痰注射液１００公絲？公撮（乙基希賜典）
衛署藥製字第038618號	可力黴素注射液１５０公絲？公撮（克林達黴素）
衛署藥製字第038621號	潔髮洗髮精２％Ｗ？Ｗ（克多可那挫）
衛署藥輸字第000783號	氯化鈣磷酸膽？
衛署藥輸字第003987號	菸？醯胺
衛署藥製字第040721號	樂比消毒液（氯化？二甲羥）
衛署藥輸字第003072號	羥化？唑丁烷
衛署藥製字第038648號	斯斯爽喉液４．５公絲？公撮（普威隆碘）
衛署藥輸字第004001號	？青黴素鉀
衛署藥輸字第004002號	對位氯？？基青黴素
衛署藥製字第040771號	止血注射液２．５公絲？公撮（卡巴棕）
衛署藥製字第035798號	腫脤寧軟膏５００國際單位？公克（肝素鈉）
衛署藥製字第035800號	得免痛乳膏１０公絲？公克（？？美洒辛）
衛署藥輸字第000809號	麩胱甘？還原型
衛署藥輸字第000813號	乙氧基？胺
衛署藥輸字第001880號	克列嘧唑兒？基青黴素（注射用）
衛署藥製字第043318號	治喉痛漱口液１．５公絲？公撮〝汎生〞
衛署藥輸字第004010號	雙？利摩
衛署藥製字第043336號	痰立消液３公絲？公撮（艾普樂索）〝信東〞
衛署藥製字第039317號	可得爽軟膏０．９９公絲？公克（貝皮質醇）
衛署藥製字第039318號	安嘔注射液２公絲？公撮（歐丹西挫）
衛署藥製字第039319號	痛康注射液２０公絲？公撮（匹若卡）
衛署藥製字第039346號	好得健注射劑５０公絲？公撮（哈泊度）
衛署藥製字第039354號	八動諾貝爾注射液２５０公絲？公撮（抗壞血酸）
衛署藥輸字第003104號	胞嘧啶核？雙磷酸膽鹼
衛署藥輸字第004018號	？基青黴素鈉
衛署藥製字第038662號	滅廯洗劑１０公絲？公克（亦可那挫
衛署藥輸字第000822號	六菸？肌醇
衛署藥輸字第000828號	溶菌？
衛署藥輸字第000830號	胰凝蛋白？
衛署藥輸字第000831號	胰？
衛署藥輸字第000834號	胃蛋白？
衛署藥輸字第000841號	？唑丁烷
衛署藥製字第043358號	信立克糖漿用顆粒５００公絲？公克（賜福力欣）〝信東〞
衛署藥輸字第003116號	？唑丁烷
衛署藥輸字第003121號	？二醇
衛署藥製字第040786號	乳膏１０公絲？公克（奧西康那唑）〝可止理〞
衛署藥輸字第001912號	二甲氧？胺鈉青黴素
衛署藥輸字第001913號	泛捷復口服懸浮液用粉１２５公絲？５公撮
衛署藥製字第038684號	愛痢寧膠囊２００公絲（尼福歐酒？）
衛署藥製字第038693號	虎標酸痛乳膏１０公絲？公克（引朵美洒辛）
衛署藥製字第038708號	善胃懸液２０公絲？公撮（希每得定）
衛署藥製字第048963號	“仙台”？立舒乳膏 50 毫克/公克
衛署藥輸字第000863號	胰蛋白？
衛署藥製字第040809號	口爽含漱液５公絲？公撮（普威隆碘）
衛署藥輸字第004035號	普魯卡因？基青黴素
衛署藥輸字第004040號	氟？諾耐
衛署藥輸字第004041號	甘氨酸鈉茶？
衛署藥輸字第000882號	鹽酸苯甲基麻黃？
衛署藥輸字第000892號	鹽酸硫代利噠？
衛署藥製字第035837號	富莫定注射液１０公絲？公撮（發模梯定）
衛署藥輸字第000901號	六菸？肌醇
衛署藥輸字第000905號	？基青黴素鈉
衛署藥製字第040820號	喘平糖漿２公絲？公撮（硫酸奧西普那林）
衛署藥製字第038748號	疼痛膠囊２５公絲（？？美洒辛）
衛署藥製字第038760號	克痢膠囊２００公絲（尼福歐洒？）
衛署藥輸字第001962號	３－苯磺胺－２－苯？拉唑（磺胺菲那唑）
衛署藥製字第041917號	美好洗髮精２％Ｗ？Ｗ（克康那唑）
衛署藥製字第045494號	妳得寶注射劑１０公絲？公撮
衛署藥輸字第000911號	甲溴化甲－氮六圜？酯
衛署藥輸字第004055號	鹽酸一－（異丙基氨基）三－（一一？氧基）二丙醇
衛署藥輸字第004056號	三美蘇普？
衛署藥輸字第004060號	？喃特魯巴莫鹽
衛署藥製字第038773號	可胃明懸液２０公絲？公撮（希每得定）
衛署藥製字第043436號	伊普寧懸液劑２０公絲？公撮（異布洛芬）〝信東〞
衛署藥製字第043440號	思鼻力鼻通液０．５公絲？公撮
衛署藥製字第039356號	佳儷膚乳膏４０公絲？公克（氫昆）
衛署藥製字第039361號	優碘擦洗液１００公絲？公撮（普威隆碘）
衛署藥輸字第004897號	？基青黴素鈉
衛署藥輸字第001981號	麥角新？片
衛署藥製字第043471號	安美西林　懸液用粉５０公絲？公撮〝汎生〞
衛署藥輸字第003178號	鹽酸氯？那林
衛署藥製字第040880號	舒痛凝膠１０公絲？公克（　　美酒辛）
衛署藥製字第041934號	雷公草乳膏１０公絲？公克（老公根）
衛署藥輸字第004062號	氯？賽唑
衛署藥輸字第004066號	氟？酚酸
衛署藥輸字第004076號	一水合？二醇
衛署藥輸字第003182號	丁溴化東莨菪？
衛署藥輸字第003191號	長葉毛地黃？滴劑
衛署藥輸字第003192號	長葉毛地黃？錠劑
衛署藥輸字第003194號	長葉毛地黃？注射劑
衛署藥輸字第001999號	鹽酸２－（１－一氮六圜）乙？酯
衛署藥製字第043492號	比疲凝膠１０公絲？公克
衛署藥製字第041940號	華柔洗髮乳１％（Ｗ？Ｖ）（克康那唑）〝生達〞
衛署藥製字第040890號	利怕蚊液２００公絲？公撮（待乙妥）
衛署藥輸字第000992號	？基青黴素普魯卡因
衛署藥輸字第003216號	羥？酸鋁
衛署藥輸字第002017號	麩胱甘？（注射用）
衛署藥製字第040910號	康芙星乳膏５０公絲？公克（艾賽可威）
衛署藥製字第040921號	得伏寧消炎漱口劑１．５公絲？公撮（本基達明）
衛署藥輸字第004104號	胰？
衛署藥輸字第002039號	菸？醯胺
衛署藥輸字第002041號	菸？酸
衛署藥輸字第004937號	秋水仙？
衛署藥製字第043574號	倍樂水性噴鼻液１００微公克？劑量
衛署藥製字第041970號	咳服舒糖漿２０公絲？公撮（呱芬那辛）
衛署藥製字第041972號	黴淨乳膏１０公絲？公克（克氯鰴唑）
衛署藥製字第047902號	療血得注射液１０％Ｗ？Ｖ
衛署藥輸字第004118號	二苯酮？唑丁烷
衛署藥製字第040978號	癲通糖漿劑２０公絲？公撮（卡巴氮平）
衛署藥製字第043592號	美力欣顆粒２０公絲？公克（美諾四環素）”華興”　　　　　　　 M
衛署藥製字第038866號	克那痛液３２公絲？公撮（對位乙醯氨基酚）
衛署藥輸字第001010號	溴化甲基雙？呧？丁醯胺
衛署藥輸字第001033號	鹽酸雙甲基胺？基對甲？基丙烷
衛署藥輸字第001034號	〔（氯甲氧苯甲醯胺基）乙基〕？磺醯環己？
衛署藥輸字第001038號	鹽酸羥麻黃？
衛署藥輸字第002076號	？基青黴素鉀
衛署藥輸字第002077號	普魯卡因？基青黴素
衛署藥輸字第002078號	？基青黴素鈉
衛署藥輸字第004956號	磺胺？啶
衛署藥輸字第004969號	甲溴化甲一氮六圜？酯
衛署藥輸字第004137號	氯化十六酯？啶
衛署藥輸字第004139號	羥化？唑丁烷
衛署藥製字第038870號	可妥那乳膏２０公絲？公克（克多可那挫）
衛署藥製字第043602號	袪炎口內膏１公絲？公克〝溫士頓〞
衛署藥製字第043620號	妙潔口內膏２０公絲？公克（卡變諾）〝溫士頓〞
衛署藥輸字第001042號	蛇根？
衛署藥輸字第001044號	核？
衛署藥輸字第001050號	副美？？
衛署藥輸字第003233號	泛捷復口服懸浮液用粉２５０公絲？５公撮
衛署藥製字第041988號	希皮康乳膏０．５公絲？公克（可洛貝他索）
衛署藥製字第041990號	優爽乳膏２．５公絲？公克（去氫氧迪皮質醇）
衛署藥製字第041996號	達信凝膠１０公絲？公克（磷酸氯林絲菌素）
衛署藥輸字第002109號	鹽酸苯甲麻黃？
衛署藥輸字第002110號	鹽酸吐根？
衛署藥製字第038921號	雅可美乳膏０．５公絲？公克（可洛貝他索）
衛署藥製字第038927號	疹必止乳膏５０公絲？公克（艾賽可威）
衛署藥製字第038928號	優諾注射液２５公絲？公撮（雷尼得定）
衛署藥製字第043623號	惠肌腱凝膠５公絲？公克（匹洛西卡）”派頓”　　　　　　　　　 G
衛署藥輸字第004158號	利克凝５，０００ＵＳＰ－Ｕ？０．２５ＭＬ
衛署藥輸字第004181號	鹽酸？多辛
衛署藥輸字第004182號	？利西歐辛
衛署藥製字第038951號	克它痛凝膠２５公絲？公克（可多普洛菲）
衛署藥製字第039368號	剋？錠８００公絲（艾賽可威）
衛署藥製字第039393號	默德松乳膏０．５公絲？公克（貝皮質醇）
衛署藥製字第039394號	舒樂康凝膠５公絲？公克（匹若卡）〝台裕〞
衛署藥製字第039406號	新歡婦女噴洗液３公絲？公撮（普威隆碘）
衛署藥輸字第003246號	七氯一甲基五苯二，三二氫，一，四，一氫？二烯亞是苯
衛署藥輸字第003247號	鹽酸四氫（？）咪唑？
衛署藥輸字第001054號	鹽酸甲（二苯甲環庚亞？酚）一氮六圜
衛署藥輸字第001055號	普魯卡因？基青黴素
衛署藥輸字第001056號	？基青黴素鈉
衛署藥輸字第001064號	鹽酸？哆辛
衛署藥製字第038971號	克黴癬乳膏２０公絲？公克（克多可那挫）〝勸奉堂〞
衛署藥輸字第003274號	檸檬酸（二乙氨乙氧）乙基苯？環戊烷羧醯
衛署藥輸字第002116號	磺胺甲氧基噠？
衛署藥輸字第002122號	？唑丁烷
衛署藥輸字第002124號	氫溴酸東莨菪？
衛署藥輸字第002126號	氨基碳酸？啶
衛署藥製字第039429號	完疲痠痛凝膠１０公絲？公克（匹洛西卡）
衛署藥製字第039435號	康胃寧懸浮液４０公絲？公撮（希美替定）
衛署藥製字第039454號	抑平菌殺菌液４０公絲？公撮（克羅希西定）
衛署藥製字第039455號	博特西－糖注射液０．０７５？５．０
衛署藥製字第039456號	博特西－糖注射液０．１５？５．０
衛署藥製字第043684號	伊果乳膏１０公絲？公克
衛署藥製字第038991號	膚儷乳膏２０公絲？公克（氯氫鋁蘆薈鹼）〝東洲〞
衛署藥輸字第001070號	硝基？喃妥因
衛署藥輸字第005900號	氮（對位一〔（２一氨基４－羥基嘧啶｛４，５－Ｂ｝？？６－基）
衛署藥輸字第001081號	維他命ＡＤ－Ｂ　２００？２０Ｐ
衛署藥輸字第001087號	１－異丙胺基－３－（１－？氧基）－２－羥基丙烷鹽酸鹽
衛署藥輸字第001088號	麩胱甘？
衛署藥輸字第001088號	麩胱甘？
衛署藥輸字第001091號	仿瓜拉那香料５１．８８０？ＴＰ
衛署藥輸字第001092號	？？甘配糖體
衛署藥輸字第003299號	二氨基三羥甲基苯基？唎嘧啶
衛署藥輸字第005919號	三氯甲？治
衛署藥輸字第005920號	卡巴唑紅縮氨？
衛署藥輸字第005921號	輔？乙１２
衛署藥輸字第001095號	３－（Ｐ－甲基苯亞甲基氨基）－４－苯？唑硫
衛署藥輸字第001104號	甲氧基氯苯醯胺乙基苯磺基己環？
衛署藥輸字第001107號	？唑駢甲雄固醇
衛署藥輸字第003315號	羥？酸甲基四寧
衛署藥輸字第005952號	α？（丁氨基）甲基？－４－羥基－苯甲醇硫酸鹽
衛署藥輸字第005953號	１－（２，３，４－三甲氧基？基）貳次乙亞胺鹽酸鹽
衛署藥輸字第005954號	１－？基－２，３苯駢嘧啶鹽酸鹽
衛署藥輸字第005955號	１？（４－氯苯基）苯甲基？－４－〔〔４（１，１－二甲基乙基化
衛署藥輸字第001122號	鹽酸甲雙？
衛署藥輸字第005978號	彼寶迪長效注射液２５公絲？公撮
衛署藥輸字第001137號	？酚乙胺檸檬酸鹽
衛署藥輸字第001138號	甲雙？
衛署藥製字第039004號	百優解液４公絲？公撮（富魯歐西汀）
衛署藥製字第039005號	敵克疹乳膏５０公絲？公克（艾賽可威）
衛署藥輸字第005993號	２－氫硫基？啶１－氧化物鋅鹽
衛署藥輸字第006003號	２－氯α？？（１－甲基乙基）氨基？甲基？苯甲醇鹽酸鹽
衛署藥輸字第006007號	鹽酸３－羥基－４，５－二（羥基甲基）－２－甲基？啶
衛署藥輸字第000082號	甲基蛇根？三甲氧桂酸鹽
衛署藥輸字第000083號	蛇根？
衛署藥輸字第001148號	檸檬酸？胼
衛署藥輸字第001156號	硫酸奎？
衛署藥製字第042025號	樂膚美白軟膏４０公絲？公撮（氫昆）
衛署藥輸字第001162號	氫氟甲？？
衛署藥輸字第001173號	對位氯苯磺基丙？
衛署藥輸字第006024號	？？羧醯胺
衛署藥輸字第001183號	卡巴唑紅縮氨？
衛署藥輸字第006027號	阿那可？
衛署藥輸字第001187號	濃縮多消化？素
衛署藥輸字第006054號	雙一（二一硫化？啶－一氧）鋅鹽
衛署藥輸字第003354號	長葉毛地黃？
衛署藥輸字第001199號	？茄鹼
衛署藥輸字第001213號	茶？甘氨基酸鈉
衛署藥製字第039017號	克黴治敏乳膏１０公絲？公克（百弗那挫）〝內外〞
衛署藥製字第039022號	療黴舒乳膏１０毫克？公克（特比那芬）
衛署藥製字第039032號	速痊來肌肉注射液２５公絲？公撮（斯比樂）
衛署藥輸字第001222號	酚？
衛署藥輸字第001226號	膽素茶？
衛署藥輸字第006086號	對位氯苯磺基丙？
衛署藥輸字第006088號	輔？維他命乙１２
衛署藥輸字第001235號	胞？二磷膽鹼
衛署藥輸字第004204號	雪華唑？鈉
衛署藥製字第039516號	杏銀液９．６公絲？公撮（白果配醣體）
衛署藥輸字第001246號	鹽酸？硫辛
衛署藥輸字第006098號	普美苯？？
衛署藥輸字第006099號	縮蘋果甲酸甲丙？胼氯苯
衛署藥輸字第006100號	治？乳注射液
衛署藥製字第042097號	壓平樂注射液５公絲？１０公撮（阿廷諾）
衛署藥製字第042105號	金黴素外用軟膏３０公絲？公克（氯四環素）
衛署藥輸字第006122號	菸？酸維生素戊
衛署藥輸字第001262號	羥？酸必拉恩得原料
衛署藥輸字第006136號	普美？鹽酸
衛署藥輸字第006142號	α－２－（６？－甲氧－２？－？基）－丙酸
衛署藥輸字第006145號	鋅１－羥－２（－氫）－？啶硫銅
衛署藥輸字第006146號	３：５－二氯－４？－氟代硫代二苯？
衛署藥輸字第006152號	氯化十六酯？啶（一水）
衛署藥輸字第000144號	異菸鹼醯？
衛署藥輸字第000145號	普魯卡因？基青黴素、
衛署藥輸字第000146號	？基青黴素Ｖ鉀
衛署藥輸字第006743號	３－羥甲基８－氧代７－〔２－〕２？嗯基）乙醯胺〕　５－１－－
衛署藥製字第039552號	膚柔軟膏２公絲？公克（耐挫敷隆）
衛署藥輸字第001289號	鹽酸第三丁基二甲基羥嘧唑？
衛署藥輸字第001291號	咖啡因二羥丙基茶？
衛署藥輸字第001298號	胰？素
衛署藥輸字第004225號	鹽酸假麻黃？
衛署藥輸字第006755號	１〔７、β－〔２（２－嗯基）乙醯胺）８．－氧化１　？－－？５C
衛署藥輸字第006758號	派樂？膠囊５０公絲
衛署藥製字第041229號	可麗凝膠１０公絲？公克（磷酸氯林絲菌素）
衛署藥製字第041234號	依不炎懸符液２０公絲？公撮（異布洛芬）
衛署藥製字第041237號	克肌酸乳膏１００公絲？公克（伊妥芬那蓋）
衛署藥輸字第001307號	瓜？氨基酸
衛署藥輸字第001313號	α〔異丙基〕－α－？β－雙甲基胺丙基〕苯基乙睛檸檬酸　　　　 AL
衛署藥輸字第006184號	蛇根？
衛署藥輸字第006187號	三美蘇普？
衛署藥輸字第006189號	２－氧基１－？咯啶乙醯胺
衛署藥輸字第006193號	５〔３－（二甲基－氨）丙基？１０、１１－二氫５Ｈ－２苯（Ｂ、
衛署藥輸字第006194號	鄰位２－？基氮甲基－間位－甲苯硫化氨基甲酸鹽
衛署藥輸字第006196號	４－丁基２－（４羥基苯）１－苯基四羥？唑３，５二酮
衛署藥輸字第003417號	倍利林１０００單位？公撮注射液
衛署藥製字第041242號	伏炎乳膏３０公絲？公克（尼福密）
衛署藥輸字第002170號	鹽酸苯甲麻黃？
衛署藥輸字第002187號	檸檬酸甜菜？
衛署藥輸字第006203號	鹽酸原麻黃？
衛署藥輸字第003423號	血管光麗８０Ｗ？Ｖ％注射液
衛署藥輸字第003424號	光麗６０Ｗ？Ｖ％注射液
衛署藥輸字第003425號	光麗４００（６６．８Ｗ？Ｖ％）注射液
衛署藥輸字第001345號	鹽酸苯甲麻黃？
衛署藥輸字第001346號	縮水蘋果酸對－２（二甲氨乙氧）？基？啶
衛署藥輸字第000191號	肝精５０Ｕ？ＭＬ注射用
衛署藥輸字第000192號	肝精２．５Ｕ？ＭＬ注射用
衛署藥輸字第000194號	肝精１０Ｕ？ＭＬ注射用
衛署藥輸字第000196號	肝精１５０Ｕ？ＣＣ注射用
衛署藥輸字第000198號	肝精５Ｕ？ＣＣ注射用
衛署藥輸字第000199號	肝精１５Ｕ？ＣＣ注射用
衛署藥輸字第006228號	乙醯苯磺胺環康？
衛署藥製字第041273號	愛麗潔殺菌消毒藥水１％（Ｗ？Ｖ）（葡萄糖酸克羅希西汀）
衛署藥製字第042142號	雅丹甜酏０．４公絲？公撮（鹽酸三氟苯塞井）〝汎生〞
衛署藥製字第043760號	普樂凝膠１０公絲？公克（匹若卡）”永昌”　　　　　　　　　　 P
衛署藥輸字第003448號	雙氫化氯？治
衛署藥輸字第002223號	縮水蘋果酸麥角新？
衛署藥輸字第006237號	三？呤
衛署藥輸字第006240號	鹽酸甲（二苯環庚亞？酚）－氮六圜
衛署藥輸字第006243號	４正－丁烷基－氮苯基四氫？唑３－５二酮
衛署藥輸字第006246號	１〔（１－甲乙基）氨基〕－３？２－（２異丙烯氧基）苯氧基〕２
衛署藥輸字第006252號	膽鹼胞啶－５？－焦磷酸鹽
衛署藥輸字第006253號	胰？
衛署藥輸字第006255號	氯？賽唑
衛署藥輸字第006783號	磺胺甲？唑
衛署藥製字第042193號	婦佳乳膏０．１公絲？公克（氫偶素）
衛署藥製字第042195號	樂膚美白軟膏２０公絲？公克（氫昆）
衛署藥輸字第002249號	異菸？醯胼
衛署藥輸字第000225號	磺胺甲噠？
衛署藥輸字第006794號	？黴素膠囊
衛署藥輸字第002261號	乙醯氨苯甲醯硫代液氨？
衛署藥製字第043810號	保得康　凝膠１０公絲？公克（匹洛西卡）〝華興〞
衛署藥輸字第003463號	丁溴化東莨菪？
衛署藥輸字第003464號	異菸？醯胼
衛署藥製字第041293號	克黴寧乳膏２０公絲？公克（克康那唑）
衛署藥輸字第004250號	妳得寶注射劑１０公絲？公撮
衛署藥輸字第006800號	甲黴素注射液２８０公絲？２公撮
衛署藥輸字第003475號	磷酸？哆醛
衛署藥輸字第003478號	對位氯笨磺基丙？
衛署藥輸字第001363號	？咯烷甲基四環素
衛署藥輸字第005114號	海？浸膏
衛署藥輸字第005124號	甲溴化甲一氮六圜？
衛署藥製字第043835號	美喜吸入用液劑２００公絲？公撮”南光”　　　　　　　　　　　 M
衛署藥輸字第006279號	？基青黴素三水合物
衛署藥製字第041317號	愛普錠注射劑５００微公絲？公撮
衛署藥輸字第006285號	結晶胰凝乳蛋白？
衛署藥輸字第006286號	結晶胰蛋白？
衛署藥輸字第006288號	三磷酸二鈉腺？
衛署藥製字第042214號	普膚乳膏５０公絲？公克（杜西平）
衛署藥輸字第006290號	１－（４－氯苯環酸）５－甲氧基２－？？甲基３－依　酸
衛署藥輸字第002308號	酒石酸麥角胺？
衛署藥輸字第002317號	磺胺？唑
衛署藥輸字第002319號	鹽酸黃連？
衛署藥輸字第006811號	硝酸？法佐林
衛署藥輸字第006825號	硫酸金雀花？
衛署藥輸字第004277號	卡三氟甲？治
衛署藥輸字第004281號	磺胺甲氧基噠？
衛署藥輸字第000267號	？唑丁烷
衛署藥輸字第000270號	磺胺甲氧基噠？
衛署藥輸字第000272號	磺胺？唑
衛署藥輸字第006301號	銘蘭黴素注射液１０公絲？１公撮
衛署藥輸字第005133號	補母善－愛二甲型注射液５公絲？公撮
衛署藥製字第042243號	鹽酸林絲菌素注射液３００公絲？公撮
衛署藥輸字第002356號	蛇根？
衛署藥輸字第002357號	長葉毛地黃？
衛署藥輸字第002358號	毛地黃毒？
衛署藥輸字第004292號	氯？治
衛署藥輸字第003517號	異羥基毛地黃毒？
衛署藥輸字第006826號	鹽酸？法佐林
衛署藥輸字第002359號	羥？酸派兒維因
衛署藥輸字第006849號	益力生達黴素注射液４０公絲？公撮
衛署藥輸字第004314號	鹽醯硫代利噠？
衛署藥輸字第003527號	二苯乙內醯？
衛署藥輸字第006316號	２－（β－羥苯乙胺）－？啶鹽酸鹽
衛署藥輸字第000310號	聚乙烯醇？咯啶酮
衛署藥輸字第000326號	三氟甲基苯？酸鋁
衛署藥輸字第001384號	羥？酸必拉恩得原料
衛署藥輸字第001389號	對位氯苯磺基丙？原料
衛署藥製字第042279號	婦女清潔液２３０微公克？公撮（普維酮－碘）〝華盛頓〞
衛署藥製字第042338號	沛迅靜脈注射液８０公絲？公撮（沛弗酒欣）〝生達〞
衛署藥製字第043897號	醋酸鉀注射液２毫當量？公撮〝優良〞
衛署藥輸字第002398號	溶菌？
衛署藥輸字第002399號	氯化？酯膽？
衛署藥輸字第002401號	鹽酸雙苯？拉琳
衛署藥輸字第001401號	２－？喀烷酮－乙醯胺
衛署藥輸字第001402號	胰？
衛署藥輸字第006322號	鄰位－２－？基氮－甲基－間位－甲苯硫化氨基甲酸鹽
衛署藥輸字第006324號	１－〔－（乙基化磺醯基）乙基？２－甲基－５－硝基異二氮二烯伍
衛署藥輸字第006325號	多補命注射液１０公絲？公撮
衛署藥輸字第006332號	烯？醇
衛署藥輸字第006335號	苯甲醯？酯
衛署藥輸字第006338號	甲磺醯基？２－（２－？基）乙基？甲胺
衛署藥輸字第006342號	１－（２－四氫？喃）５－氟尿嘧啶
衛署藥輸字第004346號	鄰？－Ｎ－甲基－間－硫氨酸甲苯
衛署藥輸字第007500號	１０－〔２－（１甲基２－一氮陸圜基）乙基〕２－（甲基硫）酚？
衛署藥製字第041385號	吉安克懸液用顆粒２００公絲？公克（喜黴素）
衛署藥製字第042368號	快平吐注射液２公絲？公撮（歐丹西挫）〝生達〞
衛署藥製字第043943號	益撲喘吸入液０．２公絲？公撮〝信東〞
衛署藥輸字第002408號	鹽酸苯甲基麻黃？
衛署藥輸字第002411號	蛇根？
衛署藥輸字第006344號	包衣維生素乙２　３３　１？３％
衛署藥輸字第000335號	？唑丁烷
衛署藥輸字第005233號	？多辛
衛署藥輸字第006913號	抗凝素注射液５０００Ｕ．Ｓ．Ｐ．Ｕ？ＭＬ
衛署藥輸字第002435號	鹽酸甲（二苯甲環庚亞？酚）－氮六圜
衛署藥輸字第001535號	鹽酸甲（二苯甲環庚亞？酚）－氮六圜
衛署藥輸字第001537號	羥化？唑丁烷
衛署藥輸字第001541號	鹽酸甲（二苯甲環庚亞？酚）－氮六圜粉
衛署藥輸字第001549號	縮水蘋果酸左旋美普麻？
衛署藥輸字第006370號	鹽酸胼？？
衛署藥輸字第006921號	抗凝素注射液２５０００Ｕ．Ｓ．Ｐ．Ｕ？ＭＬ
衛署藥輸字第006923號	腫？膠囊１０公絲
衛署藥輸字第003607號	４－羥？唑嘧啶
衛署藥輸字第005245號	解脂？５００００單位粉劑
衛署藥輸字第005246號	解脂？４０００單位粉劑
衛署藥輸字第006931號	磺胺甲氧基噠？
衛署藥輸字第006932號	氫化氯？唑
衛署藥輸字第006937號	縮水蘋果酸右旋美普麻？
衛署藥輸字第006939號	硝基夫喃縮氨？
衛署藥輸字第006944號	卡也唑紅縮氨？
衛署藥輸字第006945號	茶？醯膽素
衛署藥輸字第006948號	水溶性七葉樹？
衛署藥輸字第007530號	血栓復注射液５０００國際單位？公撮
衛署藥輸字第007531號	血栓復注射液１０００國際單位？公撮
衛署藥輸字第000370號	羥？酸必拉恩得
衛署藥製字第041468號	溫敏噴鼻劑０．５公絲？公撮（異每達佐林）
衛署藥輸字第004373號	六菸？肌醇
衛署藥輸字第001577號	磺胺甲氧基噠？粉
衛署藥輸字第001586號	？基青黴素鉀
衛署藥製字第039571號	益痛凝膠５０公絲？公克（伊妥芬那邁）
衛署藥製字第039573號	治酸痛噴液７．５公絲？公撮（？？美洒辛）
衛署藥輸字第006951號	甘氨酸鈉？
衛署藥輸字第006952號	溴化丁基東莨菪？
衛署藥輸字第006958號	普魯卡因？基青黴素
衛署藥輸字第006960號	？基青黴素鉀
衛署藥輸字第003625號	縮水蘋果酸麥角新？
衛署藥輸字第005274號	廣林黴素糖漿粉劑１２５公絲？５公撮
衛署藥輸字第005275號	羅曼１？８０錠
衛署藥製字第042440號	舒炎凝膠３０公絲？公克（凱妥普洛芬）〝美西〞
衛署藥製字第042441號	必克炎乳膏１０公絲？公克（匹洛西卡）〝世達〞
衛署藥輸字第006963號	氯？唑
衛署藥輸字第006966號	蛇根？
衛署藥輸字第006969號	鹽酸苯麻黃？
衛署藥輸字第002523號	磺胺甲氧基噠？
衛署藥輸字第000405號	磺胺甲氧基？唎？
衛署藥輸字第000409號	雙氫氯？治
衛署藥輸字第005283號	羅曼１？５０錠
衛署藥輸字第005289號	鹽酸苯偶氮？嘧
衛署藥輸字第005290號	乙醯（乙？啶甲烯）二苯酯
衛署藥輸字第004439號	羥？酸倍菲紐
衛署藥輸字第004442號	乾燥Ｊ二種維生素５？？ＣＷＳ型
衛署藥輸字第006415號	抗凝注射液　１，０００Ｕ．Ｓ．Ｐ．　Ｕ？ＭＬ
衛署藥輸字第006416號	抗凝素注射液１００００Ｕ．Ｓ．Ｐ．Ｕ？ＭＬ
衛署藥輸字第005305號	氯化？酯膽？
衛署藥輸字第007554號	可通混懸注射液２５公絲？公撮
衛署藥輸字第005315號	胰？粉
衛署藥輸字第005316號	乙氧基？胺
衛署藥輸字第005317號	？基青黴素鉀
衛署藥輸字第004463號	甲基蛇根？三甲氧桂酸鹽
衛署藥輸字第006983號	七葉樹？
衛署藥輸字第003663號	鹽酸甲（二苯環庚亞？酚）－氮六圜
衛署藥輸字第007577號	鹽酸敵芬尼？
衛署藥輸字第006993號	７－（氫氧乙基）茶？
衛署藥製字第044034號	雙合　黴素糖漿用粉劑６２．５公絲？公撮
衛署藥製字第044040號	安痙注射液２５公絲？公撮
衛署藥輸字第005319號	乾燥維生素甲棕櫚酸鹽與維生素丁三５００？５０型
衛署藥輸字第005324號	安其嗎？錠
衛署藥輸字第003674號	磺胺甲硫？唑
衛署藥輸字第003676號	鹽酸硫代利噠？
衛署藥輸字第001621號	中鹽酸吐根？
衛署藥輸字第001622號	普魯卡因？基青黴素
衛署藥輸字第001623號	凝血？粉注射劑５００單位
衛署藥輸字第004484號	鹽酸黃連？
衛署藥製字第044060號	息汝痰吸入液２００公絲？公撮〝信東〞
衛署藥輸字第005350號	健他黴素５０公絲？公撮注射液
衛署藥輸字第005353號	健他黴素４０公絲？公撮注射液
衛署藥輸字第005354號	健他黴素６０公絲？公撮注射液
衛署藥製字第042509號	必息炎凝膠５公絲？公克（匹洛西卡）〝世達〞
衛署藥製字第042510號	炎消解凝膠１０公絲？公克（引朵美酒辛）〝世達〞
衛署藥輸字第004496號	施寧注射液５公絲？１公撮
衛署藥輸字第003705號	？啶二甲酯雙（Ｎ－甲基氨基甲醯）
衛署藥輸字第005358號	鹽酸己烷甲基氨二溴？甲基胺
衛署藥輸字第005374號	銘蘭黴素４０公絲？公撮注射液
衛署藥製字第042524號	普服芬顆粒４００公絲？公克（異布洛芬）
衛署藥製字第042529號	仙克痛凝膠５公絲？公克（匹洛西卡）〝仙台〞
衛署藥輸字第003716號	蛋白分解？３００
衛署藥輸字第003717號	澱粉分解？１００
衛署藥輸字第008949號	氯茶？二苯安明
衛署藥製字第044083號	適優喘液５．３４％公絲？公撮〝晟德〞
衛署藥製字第044084號	克立潔外用凝膠１０公絲？公克〝派頓〞
衛署藥輸字第006450號	複樂力淨診斷用注射劑１０％Ｗ？Ｖ
衛署藥輸字第001693號	硫酸金雀花？
衛署藥輸字第004523號	副腎素鉻１氨基胍甲磺酸縮氨？硫化鈉
衛署藥輸字第004524號	副腎素鉻１氨基胍甲磺酸縮氨？
衛署藥輸字第004528號	反１、４、５、６－四氫－１甲基－２－（２－２－？吩基）嘧啶
衛署藥輸字第010277號	雙氫化氯？治粉劑
衛署藥輸字第006476號	胰？注射劑
衛署藥輸字第006477號	Ｎ－乙醯氯化戊基水解？
衛署藥輸字第004533號	毛地黃毒？
衛署藥輸字第004537號	羥化？唑丁烷
衛署藥輸字第004539號	硝基夫醛縮氨？
衛署藥輸字第007639號	胃蛋白？１：６０００
衛署藥輸字第007640號	胃蛋白？１：１００００
衛署藥輸字第007641號	胃蛋白？１：３０００
衛署藥輸字第003728號	縮水蘋果酸麥角新？
衛署藥輸字第003743號	凝血？
衛署藥輸字第007643號	胃蛋白？１：１５０００
衛署藥輸字第010301號	德除胃？膠囊
衛署藥製字第042601號	安露注射液２００公絲？公撮（甘露醇）〝安星〞
衛署藥製字第042606號	沐舒痰液７．５公絲？公撮（安布索）
衛署藥輸字第005405號	補母善－愛母二甲型注射液５公絲？公撮羊膜外投藥包裝
衛署藥輸字第005409號	右旋２－（２－對氯α－甲基－α－苯？氧乙基）１－甲基－？喀啶 C
衛署藥輸字第009623號	羥化？唑丁烷
衛署藥輸字第009625號	？唑丁烷
衛署藥輸字第007665號	氯化黃連？
衛署藥輸字第005418號	縮水蘋果酸麥角新？
衛署藥輸字第005432號	？酚
衛署藥輸字第005445號	１異丙胺３－（１？氧基）２丙醇鹽酸
衛署藥輸字第006510號	３－苯２氫氯？治
衛署藥輸字第006511號	氮－（對－氯苯？基）氮？咯啶？
衛署藥輸字第002614號	鹽酸苯偶氮？嘧
衛署藥輸字第002615號	雙氫化氯？治
衛署藥輸字第010320號	環戊？治粉劑
衛署藥輸字第002620號	茶？醯膽素
衛署藥輸字第002627號	菸？醯胺
衛署藥輸字第002628號	菸？酸
衛署藥輸字第007675號	鹽酸？利吉新
衛署藥輸字第007676號	甲基蛇根？三甲氧桂酸鹽
衛署藥輸字第007679號	１〔４〔２（５－甲基－？？２羧基醯胺）２基〕苯－磺醯〕３－環
衛署藥輸字第007681號	１，２二苯基４－（２－苯亞磺乙基）四氫？唑－３，５二酮
衛署藥輸字第006524號	伊芙０．５？３５口服避孕錠
衛署藥輸字第005463號	血清乳酸去氫？素試驗試劑
衛署藥輸字第010335號	胰島素４０單位？公撮
衛署藥輸字第010336號	胰島素注射液８０單位？公撮
衛署藥輸字第010342號	磺胺？唑
衛署藥製字第039609號	喜洛敏糖漿０．４公絲？公撮（塞浦希）
衛署藥製字第039614號	安黴外用液１０公絲？公撮（百弗那挫）〝十全〞
衛署藥製字第039616號	安好乳膏５０公絲？公克（艾賽可威）〝十全〞
衛署藥輸字第005464號	血清肌酸磷化活性？試驗試劑
衛署藥輸字第005465號	血清氨基轉化？試驗試劑
衛署藥輸字第005466號	血清麥胺酸丙酮酸氨基移轉？試驗試劑
衛署藥輸字第005469號	６氯１，２，４苯硫雙氮７？７磺醯胺－１，１二氧六環
衛署藥輸字第005473號	２（４氯酚）３－甲基４－間四氫？？酮－１，１二氧化物
衛署藥輸字第005475號	兆黴素１００公絲？公撮注射液
衛署藥輸字第004615號	鹽酸美？？利連
衛署藥輸字第002637號	？基青黴素鉀（非注射用）
衛署藥輸字第002641號	鹽酸毛果芸香？
衛署藥輸字第002645號	磺胺甲氧基噠？
衛署藥製字第042708號	膚好乳膏１０公絲？公克（百弗那挫）〝羅得〞
衛署藥輸字第009667號	肝磷脂注射液１０００單位？公撮
衛署藥輸字第009668號	肝磷脂注射液５０００單位？公撮
衛署藥輸字第007694號	毛地黃毒？
衛署藥輸字第005479號	卡巴唑紅縮氨？磺酸鈉
衛署藥輸字第002648號	希必定葡萄酸鹽２０％Ｗ？Ｖ
衛署藥輸字第002653號	鹽酸四氫？咪唑？
衛署藥輸字第004629號	甲溴化甲一氮圜？酯
衛署藥製字第042721號	酸痛噴劑７．５公絲？公撮（引朵美酒辛）〝漁人〞
衛署藥製字第042742號	伊痛凝膠１００公絲？公克（伊妥芬那邁）〝世達〞
衛署藥輸字第007698號	三美蘇普？
衛署藥輸字第007700號	５－（氨基磺醯）氮－〔（１－乙基２－？咯啶基）甲基〕２－甲氧
衛署藥輸字第007707號	？胼羥胺
衛署藥輸字第000611號	磺胺甲氧基噠？
衛署藥輸字第000613號	鹽酸？多辛（維他命Ｂ６）
衛署藥輸字第002676號	？利醇氨基甲醯
衛署藥輸字第002689號	縮水蘋果酸麥角新？
衛署藥製字第039631號	希洽痰注射液１００公絲？公撮（乙基希賜典）
衛署藥製字第039632號	克黴隆親水性乳膏１０公絲？公克（亦可那挫）
衛署藥製字第039646號	百樂而精－美注射液５００公絲？公撮（斯而比林）
衛署藥輸字第009675號	肝磷脂注射液２５０００單位？公撮
衛署藥輸字第004636號	？胼羧胺
衛署藥輸字第004640號	鹽酸甲（二苯甲環庚亞？酚）一氮六環
衛署藥輸字第006568號	磺胺？唑
衛署藥輸字第006570號	普魯卡因？基青黴素
衛署藥輸字第006576號	即適又寧注射液２５０公絲？２公撮
衛署藥輸字第005494號	１（２，３，４－三甲氧基苯基）？胼二鹽酸
衛署藥輸字第005498號	１－（二苯基甲基）４－（３苯基－２－異丙烯基）？啶
衛署藥輸字第003820號	３？－三氟甲基二苯胺２－羧酸
衛署藥輸字第003821號	胞嘧啶核？雙磷膽？
衛署藥輸字第003822號	胞嘧啶核？雙磷酸膽？
衛署藥輸字第003825號	磺胺甲氧基噠？
衛署藥輸字第007715號	甲溴化東莨菪？
衛署藥輸字第007718號	２－氯１０－〔３－（４－甲基貳次乙亞胺１－基）丙基〕酚？？二
衛署藥製字第042747號	肯特乳膏１０公絲？公克（皮質醇）〝全福〞
衛署藥輸字第010381號	？唑丁烷
衛署藥製字第039657號	勁樂擦劑１％（？？美酒辛）
衛署藥製字第039659號	保碘外用液１００公絲？公撮（普維酮－碘）
衛署藥製字第039680號	清清乳膏１０公絲？公克（采奈泰）
衛署藥輸字第003836號	甲基蛇根？三甲氧桂酸鹽
衛署藥輸字第003843號	磺胺甲氧基噠？
衛署藥輸字第006586號	？基青黴素鈉
衛署藥輸字第007720號	６－氯３－二氯甲基７－氨磺醯３，４－二氫１，２，４苯並？二？
衛署藥輸字第010538號	？咯酮甲酸鈉
衛署藥輸字第010386號	菸？醯胺含二氧化矽０．５％
衛署藥製字第039681號	西華黴素顆粒５００公絲？公克（頭孢力欣）
衛署藥輸字第004664號	？唑丁烷
內衛藥製字第003719號	安使可寧注射液５００公絲？５公撮
衛署藥輸字第005527號	氯？淨
衛署藥輸字第005529號	鹽酸脫三？酯
衛署藥輸字第005533號	可拉瑞１０公絲？公撮注射液
衛署藥輸字第005535號	硫胺甲醇基？達淨
衛署藥輸字第009057號	樂？遁液
衛署藥輸字第003855號	鹽酸１－（異丙基氨基）－３（１－？氧基）２－丙醇
衛署藥輸字第007733號	甘氨酸鈉茶？
衛署藥輸字第010539號	立克菌星注射液５０公絲？公撮
衛署藥輸字第010540號	立克菌星注射液２５公絲？公撮
衛署藥輸字第010541號	立克菌星注射液１００公絲？公撮
衛署藥輸字第010544號	肝燐脂注射劑５０００單位？公撮
衛署藥輸字第007751號	羧？基青黴素
衛署藥輸字第010395號	喘免得噴霧劑０、１公絲？劑量
衛署藥輸字第010602號	丙基硫？困錠
衛署藥輸字第007138號	樂延命注射液６００ＣＡＬ？Ｌ
衛署藥輸字第007139號	樂延命注射液８００ＣＡＬ？Ｌ
衛署藥輸字第002706號	鹽酸甲（二苯甲環庚亞？酚）－氮六圜
衛署藥輸字第002710號	特適林口服懸浮液用粉１２５公絲？５公撮
衛署藥輸字第002719號	硫酸菲沃斯？
衛署藥輸字第002720號	鹽酸吐根？
衛署藥輸字第003858號	二氨基三羥甲基苯基？唎嘧啶
衛署藥輸字第003861號	二氨基三羥甲基苯基？唎嘧啶
衛署藥輸字第010610號	甘草？鈉鹽
衛署藥輸字第006627號	乾燥維生素甲丁三型５００？５０
衛署藥輸字第006636號	７（右型２－氨基２－苯乙醯胺）３－甲基８－氧化５－　１－－？
衛署藥輸字第010563號	優法胰島素注射液８０單位？公撮
衛署藥輸字第010564號	優法胰島素注射液４０單位？公撮
衛署藥輸字第003880號	胞嘧啶核？雙磷膽？
衛署藥輸字第003882號	異丙基安提？？
衛署藥輸字第003883號	鹽酸阿緻嗎？
衛署藥輸字第004673號	鹽酸甲（二苯甲環庚亞？酚）一氮六圜
衛署藥輸字第004675號	鹽酸氯普麻？
衛署藥輸字第004679號	磺胺甲基硫？唑
衛署藥輸字第004681號	磺胺甲氧基噠？
衛署藥輸字第004682號	？苯索酮鈉
衛署藥製字第039712號	痛保寧水性貼布３公絲？公克（可多普洛菲）
衛署藥輸字第002726號	羥？酸派兒維因
衛署藥輸字第010576號	肝素鈉注射液５０００單位？公撮
衛署藥輸字第010438號	高本嘉黴素注射劑４０公絲？公撮
衛署藥輸字第009713號	肝磷脂注射液１０００單位？公撮（無防腐劑）
衛署藥輸字第009720號	維生素戊菸？酸鹽
衛署藥輸字第010766號	甲黴素注射液２８０公絲？２公撮
衛署藥輸字第008441號	一－甲基５－對位－甲苯基？喀２－醋酸鈉二水合物
衛署藥輸字第006650號	氮、氮一二甲基４－（４－氮苯基）４－氫氧基二苯基六氫？啶基１
衛署藥製字第039726號	思麗美美白乳膏４０公絲？公克（氫？）
衛署藥製字第039741號	胃美佳懸液２０公絲？公撮
衛署藥製字第039743號	皮雅樂乳膏５公絲？公克（匹洛西卡）
衛署藥輸字第010800號	甲黴素小兒用注射液１０公絲？公撮
衛署藥輸字第003902號	硝酸？法佐林
衛署藥輸字第003903號	鹽酸？法佐林
衛署藥輸字第011284號	佳地黴素小兒用注射液１０公絲？公撮
衛署藥輸字第007207號	２－氧基１－？咯啶乙醯胺
衛署藥輸字第007213號	１７β－羥基－１７α－甲基－安唑斯酮（３、２－碳）？唑　　　 S
衛署藥輸字第010807號	甲黴素注射液４０公絲？公撮
衛署藥輸字第007217號	諾培心注射液２０公絲？公撮
衛署藥輸字第007221號	人造草莓香料５２．３１２？ＡＰＯ５．５１
衛署藥輸字第007235號	五碳醣注射液５Ｗ？Ｖ％
衛署藥輸字第007238號	人造椰子蛋糕香料５９．３７１？Ａ
衛署藥輸字第011298號	肝素納注射劑４００００單位？公撮
衛署藥輸字第010822號	勝黴素顆粒粉糖漿５０公絲？公撮
衛署藥輸字第007274號	菸？醯胺
衛署藥輸字第007275號	菸？酸
衛署藥輸字第007281號	羥？酸必拉恩得
衛署藥輸字第002740號	特適林口服懸浮粉劑２５０公絲？５公撮
衛署藥輸字第002749號	羥化？唑丁烷
衛署藥輸字第002750號	鹽酸雙苯？拉？
衛署藥輸字第008516號	鹽酸？利吉新
衛署藥輸字第008517號	氟？酚酸
衛署藥輸字第008518號	六菸？肌醇
衛署藥輸字第009186號	法米西林懸濁用顆粒１２５公絲？５公撮
衛署藥輸字第009187號	法米西林懸濁用顆粒２５０公絲？５公撮
衛署藥輸字第010476號	硝酸？法佐林粉劑
衛署藥輸字第010477號	蛇根？粉劑
衛署藥輸字第006657號	大洋凝血素注射液１０００公絲？１０公撮
衛署藥輸字第006663號	大洋凝血素注射液２５０ＭＧ？５ＭＬ
衛署藥輸字第004685號	Ｎ乙基鄰位巴豆酮？胺
衛署藥輸字第004693號	甲溴化甲一氮六圜？酯
衛署藥輸字第008534號	三氯甲？治
衛署藥輸字第010488號	聚乙烯醇？咯啶酮粉劑
衛署藥輸字第008553號	四氫乙？唑鹽酸
衛署藥輸字第011932號	肝素鈉小瓶注射液５，０００單位？公撮
衛署藥輸字第011933號	肝素鈉小瓶注射液１，０００單位？公撮
衛署藥輸字第011934號	肝素鈉小瓶注射液２５，０００單位？公撮
衛署藥輸字第011316號	富爾麗Ｂ１２糖漿劑２０００微公克？１００公撮
衛署藥輸字第011943號	立復康糖漿粉劑１２５公絲？５公撮
衛署藥輸字第010493號	（＋）６－甲氧基α－甲基２－？乙酸鈉鹽
衛署藥輸字第006681號	鹽酸苯偶氮？？
衛署藥輸字第006682號	右型（一）α－氨基－Ｐ－羥？基青黴素
衛署藥輸字第006688號	奧妥卡因２％含腎上腺素１？５０，０００注射液
衛署藥輸字第011333號	西法唑？鈉鹽
衛署藥輸字第011335號	立克新注射液５００公絲？２公撮
衛署藥輸字第011337號	２－（２、６－二氯苯氧氨基）－２－咪唑？鹽酸鹽
衛署藥輸字第011350號	氫化氯？唑粉劑
衛署藥輸字第007875號	艾？肌緩糖衣錠
衛署藥輸字第007876號	心律敏注射液１０公絲？公撮
衛署藥輸字第007878號	沙匹爾注射液５０公絲？公撮
衛署藥輸字第006689號	奧妥卡因２％含腎上腺素１？１００，０００注射液
衛署藥輸字第012580號	２？啶醛肪甲鹽酸鹽
衛署藥輸字第012583號	靜脈注射用二氯苯基異？唑基配尼西林鈉原料
衛署藥輸字第012584號	肌肉注射用二氯苯基異？唑基配尼西林鈉原料
衛署藥輸字第013232號	盈壽求注射液１公克？１０公撮
衛署藥輸字第005587號	ＩＨ－？唑（３，４－ｄ４－嘧啶醇）
衛署藥輸字第005589號	喜加力果糖５Ｗ？Ｖ％注射液
衛署藥輸字第005598號	２－氯α－？（異丙胺基）甲基　苯甲醇鹽酸
衛署藥輸字第009756號	必壓生５單位？公撮注射劑
衛署藥輸字第013268號	因素林中性注射液１００國際單位？公撮
衛署藥輸字第013269號	因素林力達注射液１００國際單位？公撮
衛署藥輸字第013273號	人體常速因素林注射液１００國際單位？公撮
衛署藥輸字第013279號	氯化十六酯？啶（含水）粉劑
衛署藥輸字第007989號	樂？遁軟膏
衛署藥製字第039789號	酸痛乳膏１０公絲？公克（？？美洒辛）
衛署藥輸字第008568號	對－羥基α－｛１〔（１－甲基２－苯氧基乙基）氨基〕乙基｝？基C
衛署藥輸字第008575號	（Ｅ）２－〔３－（１？咯烷基）１－對－甲苯基丙烯基〕？啶單氫
衛署藥輸字第004737號	二乙基？甲胺
衛署藥輸字第004745號	７－氯１，３－二氫１甲－５苯２Ｈ－１，４？二亞是本－酮
衛署藥輸字第010504號	二苯甲基４－甲基呱？鹽酸鹽
衛署藥製字第039799號	佳寶黴素注射液１０公絲？公撮（紫菌素）
衛署藥輸字第004756號	縮水蘋果酸對氯２（二甲氨乙氧）？基？啶
衛署藥輸字第013290號	人類普多分因素林注射液１００國際單位？公撮
衛署藥輸字第005608號	喜加力五碳糖５Ｗ？Ｖ％注射液
衛署藥輸字第014564號	胺？青黴素鈉
衛署藥輸字第011359號	麥角新？糖衣錠０、５公絲
衛署藥輸字第011362號	汎樂素林注射液１００國際單位？公撮
衛署藥輸字第011363號	因素來達注射液１００ＩＵ？公撮
衛署藥輸字第013292號	意妥明注射液４０公絲？４公撮
衛署藥輸字第013296號	人體快速因素林注射液１００國際單位？公撮
衛署藥輸字第004760號	Ｎ－乙基鄰位巴豆酮？胺
衛署藥輸字第002807號	蛇根？
衛署藥輸字第002808號	二苯乙內醯？鈉
衛署藥輸字第014575號	聖妥黴素注射液８０公絲？公撮
衛署藥輸字第013886號	柯柯？粉劑
衛署藥輸字第013888號	琥珀醯？唑磺胺粉劑
衛署藥輸字第013889號	菸？醯胺粉劑
衛署藥輸字第013891號	茶？粉劑
衛署藥輸字第013892號	咖啡？苯甲酸鈉粉劑
衛署藥輸字第012001號	可治？錠
衛署藥輸字第010865號	鹽酸（Ｔ２，６二甲？基）味唑粉劑
衛署藥輸字第013311號	愛發？糖衣錠
衛署藥輸字第013898號	菸？醯胺
衛署藥輸字第013901號	菸？酸
衛署藥輸字第013905號	鄰苯二甲醯？唑磺胺粉劑
衛署藥輸字第013907號	？唑磺胺粉劑
衛署藥輸字第012602號	２，６羥甲基？啶雙（Ｎ－甲基胺基甲酸）
衛署藥輸字第004804號	縮水蘋果酸麥角新？
衛署藥輸字第007310號	２〔２，６－二氯酚？氨基〕－苯醋酸鈉鹽
衛署藥輸字第007317號	氟？諾耐粉劑
衛署藥輸字第007320號	麩胱甘？
衛署藥輸字第002829號	縮水蘋果酸麥角新？
衛署藥輸字第008582號	卡巴唑紅縮氨？
衛署藥輸字第008583號	卡巴唑紅縮氨？硫酸鈉鹽粉劑
衛署藥輸字第008009號	甲磺醯基〔２－（２？啶基）乙基〕甲胺
衛署藥輸字第005639號	７－（右型２－氨基２－苯乙醯胺）３－甲基８－氧化－５？－１－
衛署藥輸字第005645號	１？（７，－β？２（２？嗯基）乙醯胺？８？－氧化　１？－？－C
衛署藥製字第039830號	佳寶黴素注射液４０公絲？公撮（紫菌素）
衛署藥輸字第013312號	維他命Ｂ１２注射液１０００微克？公撮
衛署藥輸字第010877號	肝磷脂注射液５０００單位？０．２公撮
衛署藥輸字第010879號	？？美洒辛膠囊２５公絲
衛署藥輸字第010880號	？？美洒辛膠囊５０公絲
衛署藥輸字第010887號	腺？－５？－三磷酸鈉
衛署藥輸字第014595號	甘？胃腸藥顆粒
衛署藥輸字第013344號	普多分因素林１００國際單位？公撮
衛署藥輸字第011387號	滴百樂注射劑５００公絲？３公撮
衛署藥輸字第010893號	胞？二磷膽鹼
衛署藥輸字第002834號	硫酸金雀花？
衛署藥輸字第002835號	７一氯一１、３二氫－１甲５苯－２Ｈ－１、４？二亞是本一酮
衛署藥製字第039860號	防蚊易驅蚊液２５０公絲？公克（待乙妥）
衛署藥輸字第005646號	右型（－）α－氨基Ｐ－羥？基青黴素
衛署藥輸字第002849號	鹽酸？法佐林
衛署藥輸字第002850號	縮水蘋果酸右旋美普麻？
衛署藥輸字第014603號	麥角新？注射液０．５公絲？公撮
衛署藥輸字第014607號	司敏樂口服懸浮液１公絲？公撮
衛署藥輸字第012011號	？羅西塔粉劑
衛署藥輸字第012015號	醋酸氫化可體松注射液２５公絲？公撮
衛署藥輸字第013932號	甲硫？唑磺胺粉劑
衛署藥輸字第013934號	鹽酸氯苯？？粉劑
衛署藥輸字第013935號	鄰一苯二甲醯？唑磺胺粉劑
衛署藥輸字第013940號	鹽酸氯苯？？粉劑
衛署藥輸字第013941號	磷酸？哆醛粉劑
衛署藥輸字第004836號	點滴光麗３０Ｗ？Ｖ％注射液
衛署藥輸字第010917號	？基青黴素鉀
衛署藥輸字第010918號	？基青黴素鈉
衛署藥輸字第011409號	？咯康粉劑
衛署藥輸字第011410號	毛地黃毒？
衛署藥製字第039874號	好碘液１００公絲？公撮（普維酮？碘）
衛署藥輸字第008040號	肝燐脂注射液１０００單位？公撮
衛署藥輸字第008041號	肝燐脂注射液１０００單位？１公撮
衛署藥輸字第002865號	澱粉？測定藥
衛署藥輸字第002870號	？多辛三棕櫚酸酯粉
衛署藥輸字第012627號	意妥明注射液４０公絲？公撮
衛署藥輸字第010928號	肝素鈉注射液５０００單位？公撮
衛署藥輸字第010929號	肝素納注射液２００００單位？公撮
衛署藥輸字第011418號	補？身軟腱囊
衛署藥輸字第009276號	肉？－二甲基氨基異丙醇－對位－乙醯氨基苯甲酸鹽
衛署藥製字第039897號	勁樂擦劑（？？美酒辛）
衛署藥輸字第013957號	菸？醯胺粉劑
衛署藥輸字第013960號	鹽酸？哆辛
衛署藥輸字第009810號	毛果芸香？１％等張眼藥水
衛署藥輸字第009811號	毛果芸香？２％等張眼藥水
衛署藥輸字第010935號	羥化？唑丁烷
衛署藥輸字第010937號	普魯卡因？基青黴素
衛署藥輸字第013976號	撲咳喘注射劑０．５公絲？公撮
衛署藥輸字第013981號	Ａ級次黃嘌呤核？
衛署藥輸字第015231號	安諾可注射液５公絲？公撮
衛署藥輸字第010961號	縮水蘋果酸對氯α－（二甲氨乙氧）？基？啶粉劑
衛署藥輸字第012045號	含鋅魚精蛋白因素林懸浮注射液８０Ｉ．Ｕ．？ＭＬ
衛署藥輸字第013410號	卡巴唑紅縮氨？粉劑
衛署藥輸字第013412號	卡巴唑紅縮氨？硫酸鈉鹽粉劑
衛署藥輸字第008678號	易滅得庇福注射液２．５公絲？公撮
衛署藥輸字第012053號	避？－Ｄ
衛署藥輸字第009308號	氟？諾耐
衛署藥輸字第002918號	金雀花？
衛署藥輸字第011438號	歐賜平懸液用粉劑２５０公絲？公撮
衛署藥輸字第014000號	菸？酸粉劑
衛署藥輸字第007371號	胃蛋白？
衛署藥輸字第014648號	得保兩性長效荷爾蒙注射液２公絲？公撮
衛署藥輸字第014649號	得保男性長效荷爾蒙注射液１００公絲？公撮
衛署藥輸字第008093號	肝燐脂注射液１０００國際單位？公撮
衛署藥輸字第009860號	低落美注射液２５公絲？２公撮
衛署藥輸字第009862號	樂？美乳化軟膏
衛署藥輸字第012671號	鹽酸？雷平粉劑
衛署藥輸字第012677號	肝素注射液５０００國際單位？公撮（無防腐劑）
衛署藥輸字第005738號	凝血？注射劑一百單位
衛署藥輸字第007389號	酒石酸麥角胺？
衛署藥輸字第014676號	胃蛋白？
衛署藥輸字第009325號	？諾密迪酸
衛署藥輸字第013438號	吐立乾注射液６．５公絲？公撮
衛署藥輸字第008715號	肌寧舒注射液２５公絲？公撮
衛署藥輸字第008716號	肌寧舒注射液５０公絲？公撮
衛署藥輸字第015895號	鹽酸氯苯？？
衛署藥輸字第012682號	肝素注射液１０００國際單位？公撮（無防腐劑）
衛署藥輸字第012686號	鹽酸１－（異丙基氨基）３－（１－？氧基）２－丙醇粉劑
衛署藥輸字第012087號	立復康糖漿用粉２５０ＭＧ？５ＭＬ
衛署藥輸字第005761號	５－氮－２－夫喃醛縮氨？
衛署藥輸字第014013號	康朗舒注射液１０公絲？公撮
衛署藥輸字第014018號	硫酸麻黃？粉劑
衛署藥輸字第014020號	溴異纈草酸？粉劑
衛署藥輸字第009339號	烷磺酸３－雙甲基苯磺胺１０－（２－二甲氨丙基）苯？
衛署藥輸字第009867號	毛果芸香？４％等張眼藥水
衛署藥輸字第005771號	３－羥基？１甲基－１、４－乙烯六氫？啶苯甲基溴化物
衛署藥輸字第005774號	１－氧化２－硫羥？啶鋅
衛署藥輸字第014684號	羧？基青黴素鈉
衛署藥輸字第011001號	甲黴素注射液４０公絲？公撮
衛署藥輸字第011004號	５－甲苯磺胺異？唑粉劑
衛署藥輸字第011007號	甲黴素小兒用注射液１０公絲？公撮
衛署藥輸字第014694號	酚？
衛署藥輸字第014696號	得特卡因注射劑２０公絲？５公撮
衛署藥輸字第014701號	溴化纈草酸？
衛署藥輸字第015911號	善胃得注射液２５公絲？公撮
衛署藥輸字第011020號	七巧？
衛署藥輸字第011031號	肝素納注射液１００００單位？公撮
衛署藥輸字第005786號	苯硫基？啶基胺－１０－羧酸呱啶基乙氧基乙酯鹽酸鹽
衛署藥輸字第005788號	Ｎ－二甲基胺基、異丙基苯硫基胺基？啶基胺鹽酸鹽
衛署藥輸字第015301號	汎樂速林（人體）注射液１００國際單位？公撮
衛署藥輸字第015302號	克勞酸注射液５００公絲？２公撮
衛署藥輸字第012108號	司各脫乳白？魚肝油
衛署藥輸字第012725號	六菸？肌醇
衛署藥輸字第012727號	安息香酸對氯化乙基苯甲基酯？林
衛署藥輸字第012728號	鹽酸對氯化乙基苯甲基酯？拉林
衛署藥輸字第013472號	三氟甲基苯？酸鋁粉劑
衛署藥輸字第013477號	單元長效因素林注射液１００國際單位？公撮
衛署藥輸字第011492號	膚克拉賓注射液１０公絲？公撮
衛署藥輸字第014034號	縮蘋果酸普氯苯？？粉劑
衛署藥輸字第014037號	氯苯磺丙？粉劑
衛署藥輸字第014043號	氫氯苯？粉劑
衛署藥輸字第014715號	維他命Ｋ１注射液３０公絲？５公撮
衛署藥輸字第014725號	鹽酸氯苯？？
衛署藥輸字第015942號	紫菌素注射劑１０公絲？公撮
衛署藥輸字第015944號	安你拍克注射劑１８０毫克碘？公撮
衛署藥輸字第015945號	刻寶泰錠５０ＭＧ？２５ＭＧ
衛署藥輸字第015947號	刻寶泰錠５０公絲？１５公絲
衛署藥輸字第015948號	刻寶泰錠２５公絲？１５公絲
衛署藥輸字第012738號	力特因素林注射液４０國際單位？公撮
衛署藥輸字第014052號	三水胺？青黴素粉劑
衛署藥輸字第014054號	縮蘋果酸麥角新？粉劑
衛署藥輸字第014056號	苯丁？唑酮粉劑
衛署藥輸字第014058號	甲氧基達？磺胺粉劑
衛署藥輸字第015325號	肝脂鈉注射液１０００單位？公撮
衛署藥輸字第015328號	人體速分因素林注射液１００國際單位？公撮
衛署藥輸字第008179號	２－＋（３－甲基丁２－烯撐）－５，６二甲氧基３甲基－對－苯？
衛署藥輸字第008180號	溶菌？
衛署藥輸字第015952號	刻寶泰錠２５公絲？２５公絲
衛署藥輸字第008756號	好益博漁肝油軟膠囊６０００ＩＵ？１０００ＩＵ
衛署藥輸字第013484號	熊？流浸膏
衛署藥輸字第013491號	鹽酸毛果芸香？粉劑
衛署藥製字第039949號	妥普欣注射液４０公絲？公撮（泰百黴素）
衛署藥製字第039955號	盧利美乳膏１０公絲？公克（達淨磺胺銀）
衛署藥輸字第015335號	磷酸？多辛腸溶糖衣錠３０公絲
衛署藥輸字第012745號	舒維得治口服懸液用粉２００公絲？５公撮
衛署藥輸字第011055號	肝素納注射液２００００單位？公撮
衛署藥輸字第008200號	庇先寧懸濁用粉５００公絲？５公撮
衛署藥輸字第014060號	氯苯？二苯安明粉劑
衛署藥輸字第014062號	甲氧基達？磺胺鈉粉劑
衛署藥輸字第015961號	？類樹脂
衛署藥製字第039958號	喉喜沛口含錠２公絲（？啶）
衛署藥輸字第013494號	異纈草酸溴？粉劑
衛署藥輸字第011065號	常規型因蘇林４０單位？公撮注射液
衛署藥輸字第014073號	第三丁烷？磺胺鈉粉劑
衛署藥輸字第012138號	寧克活林注射液３公絲？公撮
衛署藥輸字第009916號	醒進克林２５０公絲？２公撮注射液
衛署藥輸字第009926號	醒進克林１００公絲？２公撮注射液
衛署藥輸字第015975號	安你拍克注射劑２４０毫克碘？公撮
衛署藥輸字第011523號	速可治注射液１０公絲？公撮
衛署藥輸字第013504號	番木？浸膏１０％粉劑
衛署藥輸字第013509號	硝酸香木？鹼粉劑
衛署藥輸字第005854號	５－磷酸？哆醛
衛署藥輸字第016500號	衛康辛滅得隆靜脈注拆液５公絲？公撮
衛署藥輸字第014087號	氯苯磺丙？粉劑
衛署藥輸字第014088號	甲苯磺醯丁？粉劑
衛署藥輸字第014090號	甲氧基噠？磺胺粉劑
衛署藥輸字第014762號	倍利林５０００單位？公撮注射液
衛署藥輸字第014766號	必賴克？錠
衛署藥輸字第013519號	舒壓寧注射液１公絲？公撮
衛署藥輸字第015368號	壓速降靜脈注射液３００公絲？２０公撮
衛署藥輸字第014774號	單水性二氯苯基異？唑基配尼西林鈉
衛署藥輸字第015998號	？？啶硫酮鋅
衛署藥輸字第012160號	鹽酸黃連？粉劑
衛署藥輸字第017744號	無水咖啡？
衛署藥輸字第017745號	消旋鹽酸甲基麻黃？
衛署藥輸字第017746號	甲基磺酸二氫麥角毒？
衛署藥輸字第011539號	二苯乙內醯？鈉粉劑（注射用）
衛署藥輸字第014787號	氯化膽汁？
衛署藥輸字第017759號	氫溴酸東莨菪？
衛署藥輸字第017128號	潔膚洗劑５％Ｗ？Ｗ
衛署藥輸字第017131號	得體美松注射液４公絲？公撮
衛署藥輸字第016003號	氯化鈣注射劑１０％Ｗ？Ｖ
衛署藥輸字第016007號	縮蘋果酸左美苯？？
衛署藥輸字第016011號	維生素Ｅ醋酸鹽５００國際單位？公克
衛署藥輸字第009957號	磺胺甲氧基噠？
衛署藥輸字第017763號	丁溴化東莨菪？
衛署藥輸字第017765號	沙拉？啶磺胺
衛署藥輸字第017766號	愛黴素注射液２５０公絲？２公撮
衛署藥輸字第017767號	愛黴素注射液５００公絲？２公撮
衛署藥輸字第011095號	有利癌注射液２５０公絲？１０公撮
衛署藥輸字第017137號	山？醇〝羅貴特〞
衛署藥輸字第017773號	鹽酸？哆辛
衛署藥輸字第016020號	紫菌素注射劑４０公絲？公撮
衛署藥輸字第017783號	酒石酸麥角胺？
衛署藥輸字第017788號	力保肪寧ＭＣＴ？ＬＣＴ注射液２０％
衛署藥輸字第017152號	安美倍注射劑１２５公絲？公撮
衛署藥輸字第015397號	多博明注射液８００微毫克？公撮
衛署藥輸字第016026號	氯？青黴素鈉
衛署藥製字第040021號	多卡因注射液１０公絲？公撮（鹽酸利度卡因）
衛署藥輸字第014110號	氯苯？二苯安明粉劑
衛署藥輸字第009435號	氯苯？二苯安明
衛署藥輸字第016034號	溴化纈草酸？
衛署藥輸字第016036號	銘蘭黴素注射液１０公絲？公撮
衛署藥輸字第014824號	能克菌注射液３００公絲？公撮
衛署藥輸字第017794號	力保肪寧ＭＣＴ？ＬＣＴ靜脈點滴注射液１０％
衛署藥輸字第010006號	鹽酸二苯？拉林
衛署藥輸字第008813號	舒胃寧注射液２００公絲？２公撮
衛署藥輸字第012775號	異羥基洋地黃毒？粉劑
衛署藥輸字第016527號	肝素注射液１０００國際單位？公撮”諾和”　　　　　　　　　　 H
衛署藥輸字第013550號	膠衣維他命Ｄ３　８５０，０００國際單位？公克粉劑
衛署藥輸字第011123號	汎樂素林注射液４０ＩＵ？公撮
衛署藥輸字第015401號	心寧美２５？１００錠
衛署藥輸字第012207號	乙醯苯磺胺環庚？
衛署藥輸字第009444號	硫芬？拉弄
衛署藥輸字第014833號	達而通內服液２公絲？公撮
衛署藥輸字第017805號	普樂得星注射液０．５公絲？公撮
衛署藥輸字第010016號	因素林注射劑４０國際單位？公撮
衛署藥輸字第010017號	單元常速因素林注射液４０國際單位？公撮
衛署藥輸字第010018號	單元半速因素林注射液４０國際單位？公撮
衛署藥輸字第010019號	單元長效因素林注射液８０國際單位？公撮
衛署藥輸字第010020號	單元常速因素林注射液８０國際單位？公撮
衛署藥輸字第016537號	奈妥心注射液〞欣華？
衛署藥輸字第012787號	鹽酸？咯布他明
衛署藥輸字第014129號	？基青黴素鉀
衛署藥輸字第014131號	？基青黴素鈉
衛署藥輸字第009454號	廣林黴素糖漿用粉劑２５０公絲？５公撮
衛署藥輸字第017818號	安樂滴劑２公絲？公撮
衛署藥輸字第011134號	因素林中性注射液４０ＩＵ？公撮
衛署藥輸字第011139號	純豬常速因素林注射液４０ＩＵ？公撮
衛署藥輸字第010022號	單元半速因素林注射液８０國際單位？公撮
衛署藥輸字第010023號	單元長效因素林注射液４０國際單位？公撮
衛署藥輸字第010024號	單元快效因素林注射液８０國際單位？公撮
衛署藥輸字第010025號	單元快速因素林注射液８０國際單位？公撮
衛署藥輸字第010026號	單元快速因素林注射液４０國際單位？公撮
衛署藥輸字第010029號	？唑駢甲雄固醇
衛署藥輸字第016057號	得舒壓長效可分錠１６０？２０公絲
衛署藥輸字第017825號	普嘉度悠油溶性軟膏０．０２５％Ｗ？Ｗ
衛署藥輸字第012811號	鹽酸？多辛
衛署藥輸字第012812號	芸香？
衛署藥輸字第012813號	二硫酸二？咯布他明－１，５－？酚？
衛署藥輸字第012814號	乙醯苯磺胺環庚？
衛署藥輸字第012820號	二羥丙基茶？
衛署藥輸字第017179號	析？錠
衛署藥輸字第017183號	必乃膚通頭皮水０．１％Ｗ？Ｖ
衛署藥輸字第011151號	西伯拉丁注射液１公絲？公撮
衛署藥輸字第016073號	拉斯保糖漿２５０公絲？５公撮
衛署藥輸字第016074號	拉斯保糖漿１２５公絲？５公撮
衛署藥輸字第010036號	單元快效因素林注射液４０國際單位？公撮
衛署藥輸字第010037號	異素氛因素林注射液４０國際單位？公撮
衛署藥輸字第013576號	維生素Ａ醋酸鹽一百五十萬國際單位？公克
衛署藥輸字第013577號	維生素Ａ醋酸鹽一百萬國際單位？公克
衛署藥輸字第013585號	愛樂放注射液１０公絲？２公撮
衛署藥輸字第011608號	助化？顆粒
衛署藥輸字第014162號	次甲基二水楊酸普美苯？？細粒
衛署藥輸字第012237號	舒維得治口服懸液用粉１２５公絲？５公撮
衛署藥輸字第012241號	希泊沙注射液１０單位？公撮
衛署藥輸字第015436號	胰蛋白？
衛署藥輸字第013593號	可乃堅注射液１公絲？０．５公撮
衛署藥輸字第013595號	去氫吐根素注射液６０公絲？２公撮
衛署藥輸字第009484號	利康？注射劑
衛署藥輸字第011183號	３－？（４－甲基１－呱？基）亞氨甲基？利法黴素
衛署藥輸字第011184號	溴化纈草酸？
衛署藥輸字第014172號	丁基溴酸東莨茗？
衛署藥輸字第011634號	安黴素小兒用注射液１０公絲？公撮
衛署藥輸字第011635號	安黴素注射液５０公絲？公撮
衛署藥輸字第008840號	樂？遁－慰歐仿藥霜
衛署藥輸字第011187號	柳酸膽？
衛署藥輸字第014190號	鹽酸？多辛
衛署藥輸字第013601號	可乃堅注射液１０公絲？公撮
衛署藥輸字第013603號	有利癌注射液２５０公絲？５公撮
衛署藥輸字第013604號	活性澱粉？
衛署藥輸字第014864號	磷酸？哆醛
衛署藥輸字第014872號	胰？注射劑
衛署藥輸字第012867號	衛康辛黴素注射液１０公絲？公撮
衛署藥輸字第014200號	賜康新徽素懸浮液２５公絲？公撮
衛署藥輸字第013614號	１Ｈ－？唑（３，４－ｄ－４－嘧啶醇）粉劑
衛署藥輸字第013616號	維生素ＡＤ３醋酸鹽粉劑Ａ五十萬國際單位？公克Ｄ３＋萬
衛署藥輸字第014215號	丙硫？酮
衛署藥輸字第014875號	濟懷注射劑２．５公絲？公撮
衛署藥輸字第014876號	撲咳喘吸入液２．５公絲？公撮
衛署藥輸字第014884號	溶菌？
衛署藥輸字第011636號	氯苯甲醯甲氧？？醋酸粉劑
衛署藥輸字第011647號	易控炎眼藥水１？８％
衛署藥輸字第016101號	肯血福注射劑３公絲？公撮
衛署藥輸字第014222號	菸？醯胺
衛署藥輸字第014227號	乙氧基？胺
衛署藥輸字第015484號	？基青黴素鉀
衛署藥輸字第015485號	鹽酸？多辛
衛署藥輸字第015486號	鹽酸普寧卡因注射液５公絲？公撮
衛署藥輸字第012282號	安列露原？液１：１０００
衛署藥輸字第008853號	雙？利摩
衛署藥輸字第008859號	易滅得庇福注射液２５公絲？公撮
衛署藥輸字第011226號	倍能可信注射液３００公絲？公撮
衛署藥輸字第017205號	舒壓寧注射液１公絲？公撮
衛署藥輸字第017207號	撲咳喘注射劑０．５公絲？公撮
衛署藥輸字第014886號	二鈉三磷酸腺？鹽
衛署藥輸字第014888號	溶菌？
衛署藥輸字第017860號	氯化？二甲烴銨８０％溶液
衛署藥輸字第017861號	普比迪凝膠０．５毫克？３公克
衛署藥輸字第016111號	烯？醇
衛署藥輸字第016113號	苯甲醯？酯
衛署藥輸字第016117號	碳酸氫鈉靜脈注射液８．４％Ｗ？Ｖ
衛署藥輸字第008884號	安蒙喜寧懸濁用粉２５０公絲？５公撮
衛署藥輸字第014239號	鹽酸？多辛
衛署藥輸字第017223號	？？美酒辛
衛署藥輸字第017229號	撲咳喘酏劑０．３公絲？公撮
衛署藥輸字第016129號	維他命Ｂ１２注射液１０００微克？公撮
衛署藥輸字第008885號	安蒙喜寧懸濁用粉１２５公絲？５公撮
衛署藥輸字第008894號	樂？遁藥霜
衛署藥輸字第011244號	中性魚膠因蘇林注射液４０單位？公撮
衛署藥輸字第013658號	二氨？啶乙酸
衛署藥輸字第013664號	澱粉？粉劑
衛署藥輸字第017872號	羅鈣全液１微公克？公撮
衛署藥輸字第016137號	硫酸阿托品注射劑０．１公絲？公撮
衛署藥輸字第016139號	番瀉？
衛署藥輸字第015511號	菸？醯胺
衛署藥輸字第008895號	樂？遁－慰歐仿藥膏
衛署藥輸字第017240號	定益寧注射液５公絲？公撮
衛署藥輸字第014263號	二氯苯基異？唑基配尼西林鈉
衛署藥輸字第014915號	氫氟甲？？
衛署藥輸字第014916號	肌肉注射用二氯苯基異？唑基配尼西林鈉
衛署藥輸字第014924號	鹽酸甲雙？
衛署藥輸字第015521號	密斯它因素林注射液１００國際單位？公撮
衛署藥輸字第015522號	倍利林注射液１０００單位？公撮
衛署藥輸字第015523號	異菸？醯？
衛署藥輸字第015524號	胰凝乳蛋白？
衛署藥輸字第015527號	鹽酸普寧卡因注射液２．５公絲？公撮
衛署藥輸字第014273號	滅痛能２５Ｗ？Ｖ％注射液
衛署藥輸字第014276號	異菸？醯？甲烷硫酸鈉
衛署藥輸字第011263號	佳地黴素注射液４０公絲？公撮
衛署藥輸字第016156號	特力克斯注射液５公絲？公撮
衛署藥輸字第016157號	鹽酸度巴明注射劑（４０公絲？公撮）
衛署藥輸字第014936號	？酚乙胺檸檬酸鹽
衛署藥輸字第011278號	羥？酸派兒維因
衛署藥輸字第008921號	鞣酸小蘗？
衛署藥輸字第008925號	２－氧基１－？咯啶乙醯胺
衛署藥輸字第008927號	食糖胃蛋白？
衛署藥輸字第017262號	美儂外用液２％Ｗ？Ｖ
衛署藥輸字第016686號	盼娜美水溶性凝膠２．５％Ｗ？Ｗ
衛署藥輸字第014284號	通脈得寧注射液５公絲？公撮
衛署藥輸字第011714號	艾明拍克注射劑６．７５公克？２公撮
衛署藥輸字第011715號	艾明拍克注射劑３．７５公克？２０公撮
衛署藥輸字第016170號	艾？肌緩糖衣錠
衛署藥輸字第012877號	皇黴素注射液２５０公絲？公撮
衛署藥輸字第013689號	保司的命注射液０．５公絲？公撮〝羅氏〞
衛署藥輸字第018372號	鹽酸沙利苯塞？
衛署藥輸字第014953號	甲雙？
衛署藥輸字第012883號	肝素鈉安瓿注射液１，０００單位？公撮
衛署藥輸字第014960號	靜脈注射用二氯苯基異？唑基配尼西林鈉
衛署藥輸字第014969號	湍泰低注射液５公絲？公撮
衛署藥輸字第014976號	蘇的諾注射液１０公絲？公撮
衛署藥輸字第016177號	？魚肝油膠囊
衛署藥輸字第016184號	碧朗西林注射劑２公克ＩＭ？ＩＶ
衛署藥輸字第012914號	羥化？唑丁烷
衛署藥輸字第012916號	羥？酸派巒帖
衛署藥輸字第014989號	二丁？磺酸鈉
衛署藥輸字第015005號	長葉毛地黃？錠０．２５公絲
衛署藥輸字第015006號	長葉毛地黃？注射液０．２５公絲？公撮
衛署藥輸字第015012號	異菸？醯？
衛署藥輸字第015017號	滅殺除礙注射液２５公絲？公撮
衛署藥輸字第015019號	定益寧注射液５公絲？公撮
衛署藥輸字第015025號	樟腦酸對α－二甲？醚二乙醇胺醯
衛署藥輸字第015026號	催產素注射液１０Ｉ．Ｕ．？ＭＬ
衛署藥輸字第017910號	５－磷酸？哆醛
衛署藥輸字第018383號	肝素鈣皮下注射液５０００Ｉ．Ｕ．？０．５ＭＬ
衛署藥輸字第018389號	鹽酸硫代利噠？
衛署藥輸字第018390號	胺？青黴素鈉
衛署藥輸字第016203號	信胃龍注射液２００公絲？２公撮
衛署藥輸字第016206號	利痛消注射液４００公絲？４公撮
衛署藥輸字第016208號	鋸桿菌胜？
衛署藥輸字第016704號	密鈣息注射液５０國際單位？公撮
衛署藥輸字第016709號	普利心律注射液１００公絲？公撮
衛署藥輸字第017284號	？魚肝油膠囊
衛署藥輸字第011728號	因素林力達注射液４０ＩＵ？ＭＬ
衛署藥輸字第015092號	鹽酸去甲羥麻黃？
衛署藥輸字第015095號	甲基鹽酸麻黃？
衛署藥輸字第017930號	氯化十六酯？啶（含水）粉劑
衛署藥輸字第017934號	縮水蘋果酸麥角新？
衛署藥輸字第017948號	撲咳喘定量粉狀吸入劑０．５公絲？劑量
衛署藥輸字第012944號	２，４，４？一三氯－２？－氫氧基雙苯基醚粉劑
衛署藥輸字第012948號	氟？諾耐粉劑
衛署藥輸字第016222號	文克斯汀注射液１公絲？１公撮
衛署藥輸字第017294號	保乳調長效注射劑５０公絲？２公撮
衛署藥輸字第012971號	必瑞注射液０．５公絲？公撮
衛署藥輸字第012974號	氯化雙甲基狹？胺十烷
衛署藥輸字第012985號	撲咳喘酏劑０．３公絲？公撮
衛署藥輸字第017338號	？酚
衛署藥輸字第017343號	氯？青黴素鈉
衛署藥輸字第012988號	維他命Ａ醋酸鹽５００，０００國際單位？公克
衛署藥輸字第015540號	長效人體因素林注射液１００國際單位？公撮
衛署藥輸字第018404號	喘免得噴霧劑０、１公絲？劑量
衛署藥輸字第018407號	戴摩膚頭皮水０．０５％Ｗ？Ｗ
衛署藥輸字第015108號	？基青黴素鈉注射劑一千萬單位
衛署藥輸字第015109號	？基青黴素鈉注射劑一百萬單位
衛署藥輸字第015112號	愛發？糖衣錠
衛署藥輸字第015119號	溴化甲基雙？？啶丁醯胺
衛署藥輸字第017363號	免栓素注射液２５０００單位？公撮
衛署藥輸字第010144號	三美蘇普？
衛署藥輸字第015120號	鹽酸（？啶乙氧基）苯酮羧酸甲酯
衛署藥輸字第015121號	〔（氯甲氧苯甲醯胺基）乙基〕？磺醯環己？
衛署藥輸字第015559號	？？美酒辛栓劑５０公絲
衛署藥輸字第015140號	安神寶注射液５０公絲？公撮
衛署藥輸字第015562號	沙匹爾注射液５０公絲？公撮
衛署藥輸字第015568號	喘免得噴霧劑０、１公絲？劑量
衛署藥輸字第015151號	赫恩靈注射液２５０００國際單位？公撮（無防腐劑）
衛署藥輸字第015161號	氯化？二甲烴銨
衛署藥輸字第017960號	一水合？二醇
衛署藥製字第040107號	伊舒淨漱口藥水７０公絲？公撮（普維酮－碘）
衛署藥輸字第013008號	賴維斯注射劑碘量３００公絲？公撮
衛署藥輸字第013016號	賴維斯注射液碘量１８０公絲？公撮
衛署藥輸字第017978號	氮甲基莨菪？硫酸甲酯
衛署藥輸字第015176號	消旋鹽酸Ｎ麻黃？
衛署藥輸字第015177號	篤保明注射液４０公絲？公撮
衛署藥輸字第015178號	篤保明注液５０公絲？公撮
衛署藥輸字第015179號	氮－甲基莨菪？硫酸甲酯
衛署藥輸字第017404號	優耐迅肌肉？靜脈注射劑３７５公絲及７５０公絲
衛署藥輸字第016713號	伊速普寧注射液５公絲？公撮
衛署藥製字第040169號	蘇克胃顆粒５００公絲？公克（斯克拉非）
衛署藥輸字第018992號	汎樂速林（人體）注射液１００國際單位？公撮
衛署藥輸字第018993號	汎樂素林注射液１００國際單位？公撮
衛署藥輸字第018994號	因素來達注射液１００ＩＵ？公撮
衛署藥輸字第018995號	因素來達（人體）注射液１００國際單位？公撮
衛署藥製字第040179號	袪痰糖漿（呱芬那辛）２０公絲？公撮
衛署藥製字第040181號	暈定膠囊２５公絲（敵芬尼？）
衛署藥輸字第016739號	甘？胃腸藥顆粒
衛署藥輸字第013702號	恩特萊注射液１公絲？公撮
衛署藥輸字第016744號	尿致活激素注射劑５萬國際單位？公撮
衛署藥輸字第013714號	六水？？粉劑
衛署藥輸字第013715號	燐酸？？粉劑
衛署藥輸字第013718號	消旋鹽酸甲麻黃？粉劑
衛署藥輸字第019008號	氯化黃連？
衛署藥輸字第016240號	舒維淨爾０．５％５００公絲？１００公撮靜脈輸液
衛署藥輸字第013734號	咖啡？苯甲酸鈉粉劑
衛署藥輸字第013749號	羥基氯？銨溶液
衛署藥輸字第015587號	耐危壓乾粉注射劑２５公絲？公撮
衛署藥輸字第013033號	鹽酸氯普麻？
衛署藥輸字第011742號	胰島素注射液４０單位？公撮
衛署藥輸字第011743號	胰島素鋅懸浮注射液４０單位？公撮
衛署藥輸字第011744號	中性賀普林注射液４０單位？公撮
衛署藥輸字第019013號	毛果芸香？１％等張眼藥水
衛署藥輸字第019013號	毛果芸香？１％等張眼藥水
衛署藥輸字第019016號	毛果芸香？２％等張眼藥水
衛署藥輸字第019016號	毛果芸香？２％等張眼藥水
衛署藥輸字第019018號	毛果芸香？４％等張眼藥水
衛署藥輸字第013756號	胰？粉劑
衛署藥輸字第016763號	尿致活素５０００國際單位？公撮
衛署藥輸字第014307號	雙苯化？
衛署藥輸字第014312號	鹽酸乙基罌粟？
衛署藥輸字第018450號	？喃５－氟尿嘧啶
衛署藥輸字第015193號	克勞酸注射液２００公絲？２公撮
衛署藥輸字第013771號	琥珀醯磺胺？唑粉劑
衛署藥輸字第014324號	？？美酒辛
衛署藥輸字第016786號	？？美酒辛
衛署藥輸字第018459號	平菩賜懸浮液１公絲？公撮
衛署藥輸字第015598號	賽達命注射劑５００公絲？１０公撮
衛署藥輸字第017996號	肝素鈣皮下注射液５０００Ｉ．Ｕ．？０．５ＭＬ
衛署藥輸字第013777號	甲基硫？治爾粉劑
衛署藥輸字第013783號	乙醯氨硝基？唑粉劑
衛署藥輸字第016802號	高純海氏長效因素林懸浮注射液１００國際單位？公撮
衛署藥輸字第014331號	食糖胃蛋白？
衛署藥輸字第014332號	澱粉？
衛署藥輸字第014333號	胰？
衛署藥輸字第013790號	？？羧胺粉劑
衛署藥輸字第013794號	樂化奴注射液４０公絲？２公撮
衛署藥輸字第019603號	雙？利摩
衛署藥輸字第019614號	低落美注射液２５公絲？５公撮
衛署藥輸字第014340號	無菌苯基異？唑基配尼西林鈉
衛署藥輸字第014343號	氯？青黴素鈉
衛署藥輸字第014348號	優來？液（成人用）
衛署藥輸字第014349號	優來？液（小兒用）
衛署藥輸字第013801號	菸？醯二乙胺
衛署藥輸字第013804號	硝基醛縮氨？粉劑
衛署藥輸字第013805號	氫化氯？唑粉劑
衛署藥輸字第012330號	磷酸？多辛粉劑
衛署藥輸字第013815號	甲基硫？嘧啶粉劑
衛署藥輸字第013817號	氯碘羥狹？粉劑
衛署藥輸字第016837號	熹美佳胃注射液２００公絲？２公撮
衛署藥輸字第013826號	三氯甲？治粉劑
衛署藥輸字第013828號	二縮蘋果酸普氯苯？唑粉劑
衛署藥輸字第013829號	甲烯二水楊酸苯？？
衛署藥輸字第013836號	己二酸六氫？？
衛署藥輸字第013837號	檸檬酸六氫？？粉劑
衛署藥輸字第013840號	氯碘羥狹？粉劑
衛署藥輸字第019634號	卡三氟甲？治＃
衛署藥輸字第013043號	維生素丁粉劑１００，０００萬單位？公克
衛署藥製字第040186號	寧佳息懸液５０公絲？公撮（那利敵新）
衛署藥輸字第016877號	氨基樂欣嬰幼兒配方靜脈注射液７％Ｗ？Ｖ
衛署藥輸字第016877號	氨基樂欣嬰幼兒配方靜脈注射液７％Ｗ？Ｖ
衛署藥輸字第014376號	氨醯？庚因
衛署藥輸字第013845號	磺胺甲氧基噠？鈉粉劑
衛署藥輸字第018470號	愛敏樂凝膠１％Ｗ？Ｗ
衛署藥輸字第018012號	有水咖啡？
衛署藥輸字第012385號	仿桂皮香料５０．６５１？ＴＰ
衛署藥輸字第013866號	鄰一苯二甲醯磺胺？唑粉劑
衛署藥輸字第015608號	鋸桿菌　？
衛署藥輸字第015615號	氯苯甲醯甲氧？？醋酸
衛署藥輸字第016878號	倍心能注射液２公絲？公撮
衛署藥輸字第016879號	倍心能注射液４公絲？公撮
衛署藥輸字第012388號	？酸二乙酯
衛署藥輸字第012393號	醋酸？酸纖維素
衛署藥輸字第014390號	羥？酸亥多西任
衛署藥輸字第013870號	鹽酸三？力奈明粉劑
衛署藥輸字第017484號	西保力糖漿用顆粒２５０公絲？５公撮
衛署藥輸字第017485號	西保力糖漿用顆粒１２５公絲？　５公撮
衛署藥輸字第014403號	磺胺？唑
衛署藥輸字第014416號	鹽酸？甲嘧唑？
衛署藥輸字第014418號	？？醯胺
衛署藥輸字第011770號	盈壽求得注射液２０公絲？２公撮
衛署藥輸字第013061號	衛心根注射液０．４公絲？公撮
衛署藥輸字第013062號	歐賜平懸液用粉劑２５０公絲？５公撮
衛署藥輸字第013077號	歐賜平懸液用粉劑３７５公絲？５公撮
衛署藥輸字第019636號	磺胺甲氧基噠？鈉
衛署藥輸字第019056號	三氟甲基苯？酸鋁粉劑
衛署藥輸字第011782號	肝素鈉注射液５０００單位？公撮
衛署藥輸字第012412號	寧克活林注射液１５公絲？２公撮
衛署藥輸字第012413號	寧克活林注射液５０公絲？５公撮
衛署藥輸字第012414號	汎樂素林注射液８０國際單位？公撮
衛署藥輸字第012419號	白？油
衛署藥輸字第012427號	聚乙烯醇？咯啶酮
衛署藥輸字第012432號	重質白？油
衛署藥輸字第019660號	鋸桿菌胜？
衛署藥輸字第020860號	立保斯定鼻用噴霧懸浮液５０ＵＧ？ＤＯＳＥ
衛署藥輸字第019066號	胺？青黴素三水化合物
衛署藥輸字第011792號	每？拉敏粉劑
衛署藥輸字第011794號	拿卓酮注射液１００公絲？公撮
衛署藥輸字第011795號	拿卓酮注射液５０公絲？公撮
衛署藥輸字第011796號	拿卓酮注射液２００公絲？公撮
衛署藥輸字第011797號	肝素鈉安瓿注射液２５，０００單位？公撮
衛署藥輸字第011798號	異菸？醯胼粉
衛署藥輸字第013096號	甲黴素注射液４０公絲？公撮
衛署藥輸字第012439號	甲溴化甲－氮六圜？酯
衛署藥輸字第012443號	磺胺甲氧基噠？
衛署藥輸字第012445號	磺胺甲氧基噠？鈉
衛署藥輸字第012446號	新？納斯
衛署藥輸字第015629號	健？酵腸溶錠
衛署藥輸字第015638號	西保力顆粒２５０公絲？５公撮
衛署藥輸字第014436號	文克斯汀注射液１公絲？１０公撮
衛署藥輸字第014442號	恩得品注射液４０公絲？公撮
衛署藥輸字第014443號	恩得品注射液１６０公絲？公撮
衛署藥輸字第014444號	文克斯汀注射液２公絲？１０公撮
衛署藥輸字第020237號	安米諾靜脈輸注液５％Ｗ？Ｖ
衛署藥輸字第018050號	意妥明注射液４０公絲？４公撮
衛署藥輸字第015644號	西保立顆粒１２５公絲？５公撮
衛署藥輸字第018501號	安命保寧注射液１０％Ｗ？Ｖ
衛署藥輸字第013099號	喜得鎮注射液０．３公絲？公撮
衛署藥輸字第012453號	泰胃美注射液２００公絲？２公撮
衛署藥輸字第012455號	健泰素注射液４０公絲？公撮
衛署藥輸字第019085號	密斯它因素林注射液１００國際單位？公撮
衛署藥輸字第020252號	維爾靜脈注射液２００公絲？公撮
衛署藥輸字第018060號	康心館脈點滴注射液５００公絲？１０公撮
衛署藥輸字第020881號	抑特癌注射液２０％公絲？公撮
衛署藥輸字第020881號	抑特癌注射液２０％公絲？公撮
衛署藥輸字第020883號	能滅瘤注射液２公絲？公撮
衛署藥輸字第019099號	衛康辛黴素注射液１０公絲？公撮
衛署藥輸字第019100號	衛康辛滅得隆靜脈注射液５公絲？公撮
衛署藥輸字第011814號	佳樂黴素注射液８０公絲？２公撮
衛署藥輸字第011815號	愛芬胰島素注射液４０單位？公撮
衛署藥輸字第011819號	魚精蛋白鋅胰島素注射液４０單位？公撮
衛署藥輸字第011820號	魚精蛋白鋅賀普林注射液４０單位？公撮
衛署藥輸字第012462號	使得安靜注射劑１公絲？１公撮
衛署藥輸字第019699號	維他命Ｋ２注射液１％　Ｗ？Ｖ
衛署藥輸字第014458號	溶核？注射劑一百萬單位
衛署藥輸字第014459號	溶拉？注射劑廿五萬單位
衛署藥輸字第014465號	苯丁？唑酮
衛署藥輸字第014466號	甲氧基噠？磺胺
衛署藥輸字第016942號	善寧治服懸液２５０公絲？５公撮
衛署藥輸字第016943號	善寧口服懸液５００公絲？５公撮
衛署藥輸字第018071號	普利心律注射液１００公絲？公撮
衛署藥輸字第010247號	鋅胰島素懸濁注射液８０單位？公撮
衛署藥輸字第010248號	鋅胰島素注射液４０單位？公撮
衛署藥輸字第017510號	？基青黴素普魯卡因注射劑（三百萬單位）
衛署藥輸字第020890號	安諾可注射液５公絲？公撮
衛署藥輸字第012479號	因素來達注射液８０國際單位？公撮
衛署藥輸字第014470號	？唑磺胺
衛署藥輸字第014477號	欣多息注射液５ＩＵ？ＭＬ
衛署藥輸字第014478號	欣多美定注射液５ＩＵ？ＭＬ
衛署藥製字第040288號	綠淨漾液５公絲？公撮
衛署藥輸字第015672號	鹽酸？哆辛
衛署藥輸字第015675號	？基青黴素鈉注射劑１００萬單位
衛署藥輸字第019712號	邁勒崔斯德注射液２５公絲？公撮
衛署藥製字第040297號	滅蟲樂懸液１０公絲？公撮（每鞭達挫）
衛署藥輸字第019719號	羥？酸匹南特
衛署藥輸字第019117號	德壽魯素注射液２公絲？１公撮
衛署藥輸字第016966號	貝他眼點眼液０．５％Ｗ？Ｖ
衛署藥輸字第019733號	六菸？肌醇
衛署藥輸字第019735號	乙氧基？胺
衛署藥輸字第019739號	菸？醯胺
衛署藥輸字第016324號	每索特靜脈注射液１００公絲？公撮
衛署藥輸字第011840號	縮水蘋果酸麥角新？粉劑
衛署藥輸字第011841號	縮水蘋果酸甲基麥角新？粉劑
衛署藥輸字第011842號	右旋２－（２對氯α－甲基－α－苯？氧乙基）１－甲基？咯啶粉劑 C
衛署藥輸字第011845號	肝素鈉注射液１００００單位？公撮
衛署藥輸字第011846號	肝素鈉注射液１０，０００單位？公撮
衛署藥輸字第011847號	肝素鈉注射液１０００單位？公撮
衛署藥輸字第020264號	療血治注射液１０％Ｗ？Ｖ
衛署藥輸字第015689號	赫司特？基青黴素鉀
衛署藥輸字第010274號	安度液１０公絲？公撮
衛署藥輸字第013133號	縮水蘋果酸對氯α－（二甲氨乙氧？基？啶粉劑）
衛署藥輸字第014483號	安你拍克注射劑３００毫克碘？公撮
衛署藥輸字第014484號	安你拍克注射劑３５０毫克碘？公撮
衛署藥輸字第012490號	硝基？喃妥因
衛署藥輸字第012491號	雙氫化氯？治
衛署藥輸字第018547號	普魯卡因？基青黴素
衛署藥輸字第016976號	歐賜平懸液用粉劑３７５公絲？５公撮
衛署藥輸字第016982號	紫菌素注射劑１０公絲？公撮
衛署藥輸字第020913號	鈣固注射液１００ＩＵ？ＭＬ
衛署藥輸字第016333號	麩胱甘？
衛署藥輸字第017526號	湍泰低注射液５公絲？公撮
衛署藥輸字第017527號	戴摩膚乳膏０．０５％Ｗ？Ｗ
衛署藥輸字第017529號	戴摩膚軟膏０．０５％Ｗ？Ｗ
衛署藥輸字第014491號	胰？
衛署藥輸字第014497號	異菸鹼醯？
衛署藥輸字第012497號	７－氯－１－甲－５－苯－３Ｈ－１，４？二亞是本一酮
衛署藥輸字第012498號	磺胺甲基硫？唑
衛署藥輸字第012500號	乙醯氨？唑磺胺
衛署藥輸字第012501號	氯？治
衛署藥輸字第012502號	鹽酸苯偶氮二氨基？啶
衛署藥輸字第019133號	氮乙基鄰位巴豆酮？胺
衛署藥輸字第015692號	溶栓？注射劑１００，０００單位
衛署藥輸字第015697號	溶栓？注射劑７５０，０００單位
衛署藥輸字第015698號	溶栓？注射劑２５萬單位
衛署藥輸字第019754號	立克菌星注射液５０公絲？公撮
衛署藥輸字第018552號	對位氯？？基青黴素
衛署藥輸字第018553號	？青黴素鉀
衛署藥輸字第018554號	？基青黴素鈉
衛署藥輸字第018555號	氯？青黴素鈉
衛署藥輸字第013144號	單元常速因素林注射液１００國際單位？公撮
衛署藥輸字第013145號	賴維斯注射液碘量３５０公絲？公撮
衛署藥輸字第020923號	愛克濕注射液７５公絲？３公撮
衛署藥輸字第016984號	歐賜平懸液用粉劑２５０公絲？５公撮
衛署藥輸字第016987號	紫菌素注射劑４０公絲？公撮
衛署藥輸字第011875號	鹽酸１－（異丙基氨基）３－（１－？氧基）２－丙醇粉劑
衛署藥輸字第011877號	絨毛膜性腺刺激素注射劑１０，０００單位？小瓶
衛署藥輸字第011878號	絨毛膜性腺刺激素注射劑２００００單位？小瓶
衛署藥輸字第011879號	絨毛膜性腺刺激素注射劑５０００單位？小瓶
衛署藥輸字第020935號	若克瘤注射液１０公絲？公撮
衛署藥輸字第020937號	阿樂癌注射液０．５公絲？公撮
衛署藥輸字第020939號	？明克注射劑
衛署藥輸字第022038號	？基青黴素鉀赫司特　〝赫司特〞
衛署藥輸字第013153號	施寧注射液５公絲？１公撮
衛署藥輸字第013154號	力特因素林注射液１００國際單位？公撮
衛署藥輸字第013157號	速效因素林注射液１００國際單位？公撮
衛署藥輸字第014516號	氫氯苯？錠
衛署藥輸字第012518號	丁溴化東莨菪？
衛署藥輸字第012519號	魚精蛋白鋅胰島素注射液８０單位？公撮
衛署藥輸字第012520號	魚精蛋白鋅賀普林注射液８０單位？公撮
衛署藥輸字第012523號	愛芬賀普林注射液８０單位？公撮
衛署藥輸字第012524號	中性賀普林注射液８０單位？公撮
衛署藥輸字第012525號	愛芬胰島素注射液８０單位？公撮
衛署藥輸字第019775號	克勞酸注射液２００公絲？２公撮
衛署藥輸字第019776號	克勞酸注射液５００公絲？２公撮
衛署藥輸字第019777號	長葉毛地黃？錠０．２５公絲
衛署藥輸字第014530號	單元普多分因素林１００國際單位？公撮
衛署藥輸字第016349號	必賴克？膜衣錠
衛署藥輸字第017549號	滅殺除礙注射液２５公絲？公撮
衛署藥輸字第020306號	優泌林－常規型１００單位？公撮
衛署藥輸字第020307號	優泌林－混合型９０？１０　１００單位？公撮
衛署藥輸字第020308號	優泌林－混合型８０？２０　１００單位？公撮
衛署藥輸字第020309號	優泌林－混合型６０？４０　１００單位？公撮
衛署藥輸字第020310號	優泌林－中效型１００單位？公撮
衛署藥輸字第022046號	優泌林－超長效型１００單位？公撮
衛署藥輸字第014537號	異菸鹼酸？
衛署藥輸字第014539號	硝基？喃妥因
衛署藥輸字第014540號	甘草甜？
衛署藥輸字第014541號	橙？
衛署藥輸字第017021號	鹽酸待芬尼？
衛署藥輸字第013167號	鹽酸１－異丙胺３－（１－？氧基）２－丙醇粉劑
衛署藥輸字第012547號	？苯酸磷
衛署藥輸字第022050號	可滅喘懸浮吸入液０．５公絲？２公絲
衛署藥輸字第022051號	速滅喘都保乾粉定量吸入劑５０ＭＣＧ？ＤＯＳＥ
衛署藥輸字第022052號	速滅喘都保乾粉定量吸入劑１００ＭＣＧ？ＤＯＳＥ
衛署藥輸字第014547號	鞣酸小蘗？
衛署藥輸字第019172號	因素林力達注射液１００國際單位？公撮
衛署藥輸字第019173號	密斯它因素林（人體）注射液１００國際單位？公撮
衛署藥輸字第019174號	因素林中性注射液１００國際單位？公撮
衛署藥輸字第012549號	麩胱甘？
衛署藥輸字第012550號	腺？三磷酸鈉
衛署藥輸字第012551號	二鈉核？酸腺鹼黃素水合物
衛署藥輸字第012552號	次黃嘌呤核？
衛署藥輸字第012555號	溶栓？注射劑１００，０００單位
衛署藥輸字第012556號	溶栓？注射劑７５０，０００單位
衛署藥輸字第021445號	克視壓眼藥水０．２５％Ｗ？Ｖ
衛署藥輸字第022602號	鉑帝爾注射液０．５公絲？公撮
衛署藥輸字第019184號	甲磺醯基〔２－（２－？啶基）乙基〕甲胺
衛署藥輸字第015723號	氮乙基鄰位巴豆酮？胺
衛署藥輸字第012569號	溶栓？２５０，０００單位
衛署藥輸字第023136號	亞庫凱林注射劑５０公絲？小瓶
衛署藥輸字第020311號	優泌林－混合型７０？３０　１００單位？公撮
衛署藥輸字第020985號	弗列明注射劑１００００單位？公撮（含防腐劑）
衛署藥輸字第017037號	立克菌星注射液２５公絲？公撮
衛署藥輸字第017043號	善？肝膠囊
衛署藥輸字第019193號	邁勒崔斯德注射液２５公絲？公撮
衛署藥輸字第019197號	心寧美２５？１００錠（澳洲）
衛署藥輸字第023147號	亞庫凱林注射劑１０公絲？公撮（多次劑量）
衛署藥輸字第015727號	？基青黴素鈉注射劑１０００萬單位
衛署藥輸字第021002號	立可通注射液２５公絲？公撮
衛署藥輸字第016357號	肯血福注射液１０公絲？公撮
衛署藥輸字第016361號	優耐迅肌肉？靜脈注射劑０．７５公克及１．５公克
衛署藥輸字第021457號	凡尼扦因注射液５０公絲？公撮
衛署藥輸字第018149號	能舒鼻鼻腔定量噴液劑５０微公克？劑量
衛署藥輸字第017573號	盼娜美水溶性凝膠２．５％Ｗ？Ｗ
衛署藥輸字第023175號	凱復力　懸液用顆粒劑１２５公絲？５公撮
衛署藥輸字第020327號	鹽酸硫代利噠？
衛署藥輸字第021022號	欣胃樂靜脈注射液２００公絲？２公撮
衛署藥輸字第017074號	威擾素注射液１千萬單位？公撮
衛署藥輸字第017076號	倍爾癒膠漿２％Ｗ？Ｗ
衛署藥輸字第017078號	威擾素注射液三百萬單位？公撮
衛署藥輸字第017080號	？基青徽素鉀
衛署藥輸字第015744號	？基青黴素普魯卡因
衛署藥輸字第021030號	喘免得吸入劑５公絲？公撮
衛署藥輸字第017086號	喜賜康注射液０．５公絲？公撮
衛署藥輸字第016366號	癌可注射劑１０公絲？公撮
衛署藥輸字第016371號	硝基甘油靜脈注射液５公絲？公撮
衛署藥輸字第022687號	治黴乳膏２０公絲？公克
衛署藥輸字第017093號	澱粉？
衛署藥輸字第021041號	氯笨磺丙？
衛署藥輸字第021047號	克本瘤注射液１０公絲？公撮
衛署藥輸字第017579號	普美？鹽酸
衛署藥輸字第019271號	１－（２－四氫？喃）５－氟尿嘧啶
衛署藥輸字第023699號	力抗菸戒菸貼片７毫克？天
衛署藥輸字第023700號	力抗菸戒菸貼片２１毫克？天
衛署藥輸字第023701號	力抗菸戒菸貼片１４毫克？天
衛署藥輸字第023205號	利必妥合併療法（因治隆注射液一千五百萬單位？毫升合併瑞比達膠
衛署藥輸字第021471號	安鼻敏鼻用噴霧劑１００？ＭＣＧ？ＳＰＲＡＹ
衛署藥輸字第015754號	？？美洒辛
衛署藥輸字第020331號	亞特美鼻用噴液劑５０ＭＣＧ？ＤＯＳＥ
衛署藥輸字第017589號	鹽酸毛果芸香？
衛署藥輸字第018177號	滅痛能２５Ｗ？Ｖ％注射液
衛署藥輸字第021070號	偉霜徽素糖漿用顆粒劑２０公絲？公克
衛署藥輸字第016394號	補？身軟膠囊
衛署藥輸字第022697號	蕾婷乳膏０．５公絲？公克
衛署藥輸字第018631號	恩得品注射液１６０公絲？公撮
衛署藥輸字第018632號	恩得品注射液４０公絲？公撮
衛署藥輸字第015769號	？基青黴素鈉
衛署藥輸字第021103號	鼻通適噴鼻劑１００ＭＣＧ？ＤＯＳＥ
衛署藥輸字第021104號	鼻通適噴鼻劑５０ＭＣＧ？ＤＯＳＥ
衛署藥輸字第015772號	步步朗細粒２００公絲？公克
衛署藥輸字第020344號	諾視朗鼻用噴液劑２．６ＭＧ？ＤＯＳＥ
衛署藥輸字第023309號	能舒鼻鼻腔定量噴液劑　３２微公克？劑量
衛署藥輸字第023310號	能舒鼻鼻腔定量噴液劑　６４微公克？劑量
衛署藥輸字第021116號	安貼穿皮吸收系統０．４公絲？小時
衛署藥輸字第021117號	安貼穿皮吸收系統０．２公絲？小時
衛署藥輸字第021118號	肝素鈉注射液５０００單位？１公撮
衛署藥輸字第021119號	肝素鈉注射液５０００單位？０．５公撮
衛署藥輸字第021121號	有利癌注射液２５０公絲？５公撮
衛署藥輸字第019858號	甲黴素小兒用注射液１０公絲？公撮
衛署藥輸字第019859號	甲黴素注射液４０公絲？公撮
衛署藥輸字第021144號	肺舒妥乾粉吸入劑２００ＭＣＧ？ＤＯＳＥ
衛署藥輸字第021145號	肺舒妥乾粉吸入劑１００ＭＣＧ？ＤＯＳＥ
衛署藥輸字第019306號	宜保利血注射液１００００單位？公撮
衛署藥輸字第019307號	宜保利血注射液２０００單位？公撮
衛署藥輸字第013213號	維他命ＡＤ２醋酸鹽Ａ：５００，０００國際單位？公克　Ｄ２：５
衛署藥輸字第013215號	膠衣維他命Ｄ２　８５０，０００國際單位？公克
衛署藥輸字第017617號	含結晶水咖啡？
衛署藥輸字第017618號	肝素鈉注射液５０００ＩＵ？ＭＬ
衛署藥輸字第019865號	優泌林－混合型８０？２０懸液注射劑１００單位？公撮
衛署藥輸字第021181號	能舒鼻鼻腔定量粉狀吸入劑１００ＭＣＧ？ＤＯＳＥ
衛署藥輸字第021185號	硫酸紫菌素注射液４０ＭＧ？ＭＬ
衛署藥輸字第016418號	滿多特顯注射液１００公絲？公撮
衛署藥輸字第016419號	滿多特顯注射液２５公絲？公撮
衛署藥輸字第016420號	壓保淨注射液０．５公絲？公撮
衛署藥輸字第019317號	氯？青黴素鈉
衛署藥輸字第019319號	普洛舒定－益二型陰道凝膠２公絲？３公克
衛署藥輸字第021211號	使立穩旋達碟吸入用錫箔囊５０ＭＣＧ？ＤＯＳＥ
衛署藥輸字第015795號	密斯它因素林（人體）注射液１００國際單位？公撮
衛署藥輸字第015802號	丙基硫？困錠
衛署藥輸字第015810號	硝酸？法佐林
衛署藥輸字第017629號	克臨達徽素注射３００公絲？２公撮
衛署藥輸字第017635號	舒胃顆粒９００公絲？公克
衛署藥輸字第018201號	肝素鈉注射液５０００國際單位？０．２公撮
衛署藥輸字第018210號	黴克好外用液１％Ｗ？Ｗ
衛署藥輸字第019321號	普洛舒定－益二型陰道凝膠１公絲？３公克
衛署藥輸字第018681號	安保明眼藥水０．２５％Ｗ？Ｖ
衛署藥輸字第018682號	安保明眼藥水０．５％Ｗ？Ｖ
衛署藥輸字第018685號	溴化纈草酸？
衛署藥輸字第015817號	鹽酸？多辛
衛署藥輸字第021537號	撲咳喘吸入劑５公絲？２公撮
衛署藥輸字第021287號	腸寧肌肉注射液１０公絲？公撮
衛署藥輸字第021288號	胃特妥懸浮液２００公絲？５公撮
衛署藥輸字第019895號	托樂沙蒙注射液１０００公絲？１０公撮
衛署藥輸字第019896號	優泌林－混合型６０？４０懸液注射劑１００單位？公撮
衛署藥輸字第018691號	菸？醯胺
衛署藥輸字第018693號	安諾可注射液５公絲？公撮
衛署藥輸字第018698號	七葉樹？
衛署藥輸字第018700號	吸入劑２．５公絲？２．５公撮
衛署藥輸字第016455號	？？旺鋅懸液劑
衛署藥輸字第021311號	氯化鈉注射液０．９％Ｗ？Ｖ
衛署藥輸字第021313號	平克喘吸入劑５０ＭＣＧ？ＤＯＳＥ
衛署藥輸字第021321號	硝基？喃妥因
衛署藥輸字第021328號	溴化纈草酸？
衛署藥輸字第017655號	熹美佳胃注射液２００公絲？２公撮
衛署藥輸字第019349號	鹽酸硫代利噠？
衛署藥輸字第021331號	止吐能注射液５公絲？公撮
衛署藥輸字第021355號	葡萄糖靜脈點滴注射液５％Ｗ？Ｖ
衛署藥輸字第015861號	心律敏注射液１０公絲？公撮
衛署藥輸字第020390號	亞特美鼻用噴液劑１００ＭＣＧ？ＤＯＳＥ
衛署藥輸字第019919號	舒喘寧吸入劑２．５公絲？２．５公撮
衛署藥輸字第022762號	妙目寧舒適點眼液０．５公絲？公撮
衛署藥輸字第021570號	合卡雷朗注射液２０公絲？公撮
衛署藥輸字第018258號	益克邁新注射液５０公絲？公撮
衛署藥輸字第018260號	碧仙黴素糖漿用粉劑１２５公絲？５公撮
衛署藥輸字第015868號	咪唑尼達注射液５公絲？公撮
衛署藥輸字第015873號	鉑帝爾注射液０．５公絲？公撮
衛署藥輸字第018731號	氯化小蘗？
衛署藥輸字第018734號	博規諾注射劑２公絲？公撮
衛署藥輸字第018735號	博規諾注射劑１公絲？公撮
衛署藥輸字第017670號	？利啶酸
衛署藥輸字第019369號	涅實利單劑量點鼻液０．５公絲？公撮
衛署藥輸字第019370號	涅實利單劑量點鼻液０．２５公絲？公撮
衛署藥輸字第019373號	鹽酸氯苯？？
衛署藥輸字第019377號	弗列明注射劑１００００單位？公撮
衛署藥輸字第020410號	雙氫化氯？治
衛署藥輸字第018268號	全黴林糖漿用粉劑１２５公絲？５公撮
衛署藥輸字第018269號	廣林黴素糖漿用粉劑１２５公絲？５公撮
衛署藥輸字第018270號	廣林黴素糖漿用粉劑２５０公絲？５公撮
衛署藥輸字第022167號	敏克瘤注射液１公絲？公撮
衛署藥輸字第022174號	阿雷素凍晶注射劑５０公絲？小瓶
衛署藥輸字第020426號	鋸桿菌胜？
衛署藥輸字第022175號	阿雷素凍晶注射劑１０公絲？小瓶
衛署藥輸字第017677號	可乃堅微膠注射液１０公絲？公撮
衛署藥輸字第017682號	安泛黴素口服懸液１２５公絲？５公撮
衛署藥輸字第017686號	肝素鈉注射液５０００國際單位？０．２公撮
衛署藥輸字第019381號	磺胺甲氧基噠？
衛署藥輸字第018284號	宜保利血注射液４０００單位？公撮
衛署藥輸字第019937號	泰胃美注射液２００公絲？２公撮
衛署藥輸字第025155號	氯碘羥？？
衛署藥輸字第021612號	〝杏悅〞磷酸鈉迪皮質醇注射液４ＭＧ？ＭＬ
衛署藥製字第035978號	？麻克錠２００公絲（蘇林達克）
衛署藥製字第036390號	因多外用親水軟膏（？　美酒辛）
衛署藥製字第036393號	臺胃寧懸浮液２０公絲？公撮（希每得定）〝台灣東洋！
衛署藥輸字第019390號	？利啶酸
衛署藥輸字第019395號	對位氯苯磺基丙？
衛署藥輸字第020445號	花王？？旺鋅懸液劑
衛署藥輸字第018286號	安克黴外用粉劑２％Ｗ？Ｗ
衛署藥製字第041681號	皇佳必克黴乳膏１０公絲？公克（百弗那挫）
衛署藥製字第042000號	去頭皮屑洗髮乳０．９％（ｗ？ｖ）（克康那唑）
衛署藥製字第042206號	速暢注射劑５００微公絲？公撮（前列腺素Ｅ）
衛署藥製字第025261號	彼律淨糖漿０．４公絲？公撮（塞浦希）
衛署藥輸字第017698號	鹽酸毛果芸香？
衛署藥輸字第017709號	安泛黴素口服懸液２５０公絲？５公撮
衛署藥輸字第017712號	必乃膚通頭皮水０．１％Ｗ？Ｖ
衛署藥輸字第022806號	茫露芙乳膏０．１％　Ｗ？Ｗ
衛署藥輸字第022810號	得適汀尿布疹軟膏１００公絲？公克
衛署藥輸字第019956號	梅奎噠？
衛署藥製字第042219號	癒立乳膏２０公絲？公克（克康那唑）
衛署藥製字第025792號	敵克芬注射液２５公絲？公撮（待克菲那）
衛署藥輸字第021639號	二氮平注射液５ＭＧ？ＭＬ
衛署藥輸字第021640號	紐黴素軟膏１０００００單位？公克
衛署藥輸字第022814號	抹立消液劑１０公絲？公克
衛署藥製字第042234號	愛斯勁樂外用液１％（？？美洒辛）
衛署藥製字第042847號	可寧痛液劑０．２公絲？公撮（辣椒精）〝瑞安〞
衛署藥製字第042854號	舒熱懸液２０公絲？公撮（異布洛芬）〝人人〞
衛署藥輸字第018769號	增長素注射劑４國際單位？公撮
衛署藥製字第026048號	舒清錠６０公絲（鹽酸假麻黃？）
衛署藥製字第026208號	去普寧注射液５０公絲？公撮
衛署藥製字第026308號	康膚乳膏１０公絲？公克（達淨磺胺銀）
衛署藥製字第026319號	胃息寧注射液１０公絲？公撮（待克明）
衛署藥製字第026545號	康環黴素注射液２５０公絲？公撮（康絲菌素）
衛署藥製字第027239號	景多力懸液用粉２５０公絲？１０公撮（賜福力欣）
衛署藥輸字第017724號	膚克拉賓注射液１０公絲？公撮
衛署藥輸字第022373號	巴所培心注射液２０單位？公撮
衛署藥製字第030452號	剋轉？錠２５公絲（卡特普）
衛署藥製字第030456號	氫氯苯？錠
衛署藥輸字第022214號	寧克活林注射液５０公絲？５公撮
衛署藥製字第031302號	滿汝意乳膏０．５公絲？公克（氯貝他索丙酸）
衛署藥製字第031303號	滿汝意軟膏０．５公絲？公克（氯貝他索丙酸）
內衛藥製字第002279號	茶？
衛署藥輸字第018774號	可滅喘定量粉狀吸入劑１００微公絲？劑量
衛署藥輸字第018775號	可滅喘定量粉狀吸入劑２００微公絲？劑量
衛署藥製字第032214號	必乃膚通乳膏１公絲？公克（貝皮質醇）
衛署藥製字第032215號	必乃膚通軟膏１公絲？公克（貝皮質醇）
衛署藥製字第032356號	善胃得注射液２５公絲？公撮（雷尼得定）
衛署藥輸字第017729號	苯？？酒石酸鹽
衛署藥輸字第017734號	血補寧注射液０．５公絲？公撮
衛署藥製字第032376號	療濕寧凝膠５０公絲？公克（伊妥芬那邁）
衛署藥製字第032377號	芬司得陰道乳膏２０公絲？公克（克妥克那挫）（Ｒ）
衛署藥製字第032634號	痛就擦凝膠１０公絲？公克（待克菲那）
衛署藥製字第032636號	康達乳膏５０公絲？公克（布菲沙邁）
衛署藥輸字第018316號	溶栓？注射劑１５０００００單位
內衛藥製字第011168號	樂靜注射液１００ＭＧ？２ＭＬ
內衛藥製字第012137號	鹽酸消旋甲基麻黃？３０公絲
衛署藥輸字第020471號	舒秘滴劑７．５公絲？公撮
衛署藥製字第032817號	優膚乳膏０．５公絲？公克（瑞婷羅）
衛署藥製字第032828號	膚舒乳膏１０公絲？公克（達淨磺胺銀）
衛署藥輸字第007863號	？基青黴素普魯卡因注射劑（三百萬單位）
衛署藥輸字第018321號	柳菩林注射液５公絲？公撮
衛署藥製字第032847號	黴可治乳膏１０公絲？公克（邁可那挫）
衛署藥製字第032855號	潔淨能乳膏４％（氫？）
衛署藥輸字第022219號	美濃鈣鼻噴霧劑５０國際單位？劑量
衛署藥製字第032917號	彼樂健注射液２０公絲？公撮（匹若卡）
衛署藥輸字第020049號	？魚肝油膠囊
衛署藥製字第034313號	痛沒２０公絲？公撮注射劑（匹若卡）
衛署藥製字第034316號	施淨麗軟膏０．５公絲？公克（瑞婷羅）
衛署藥製字第034317號	康納素２５０公絲？公攝注射液（康絲菌素）
衛署藥製字第034361號	光元軟膏５０公絲？公克（異坐磺胺）
衛署成製字第008032號	黃藥水２５公絲？公撮（亞奎諾）
衛署藥輸字第020485號	Ｎ－Ｚ醯氯化戊基水解？
衛署藥輸字第020489號	三美蘇普？
衛署藥輸字第020490號	甲黴素注射劑４０公絲？公撮
衛署藥輸字第018795號	能舒鼻鼻腔定量噴液劑１００微公克？劑量
衛署藥輸字第018798號	２，４，４？一三氯－２？－氫氧基雙苯基醚粉劑
衛署成製字第009918號	速痛浣腸液５００公絲？公撮（甘油）
衛署藥輸字第019440號	鹽酸笨偶氮？？
衛署藥輸字第022841號	平菩腸懸浮液１公絲？公撮”楊森”　　　　　　　　　　　　　　 P
衛署藥輸字第017740號	寶益兒多種維他命？礦物質嚼片
衛署藥製字第034582號	點露液１００公絲？公撮（普威隆碘）
衛署藥輸字第018329號	普魯卡因？基素黴素鉀合劑注射用粉劑
衛署藥輸字第018330號	胺？青黴素
衛署藥輸字第021688號	注射液２０公絲？２公撮
衛署藥輸字第019454號	凸霸黴素注射液２０公絲？２公撮
衛署藥輸字第019455號	凸霸黴素注射液４０公絲？１公撮
衛署藥製字第034726號	樂膚乳膏０．５公絲？公克（可洛貝他索）
衛署藥輸字第020021號	培爾吉平注射液１公絲？公撮
衛署藥輸字第020507號	鹽酸氯普麻？
衛署藥輸字第025327號	鹽酸氯苯吡？c
衛署藥製字第034737號	運動派士外用液劑７．５公絲？公克（？？美洒辛）
衛署藥製字第034743號	康寧克通—關節內皮內注射劑１０公絲？公撮（丙酮特安皮質醇）
衛署藥製字第034823號	多息炎乳膏１０公絲？公克（？？美洒辛）
衛署藥輸字第018353號	胺？青黴素鈉注射用粉
衛署藥輸字第021711號	肝素鈉注射液５０００單位？１公撮
衛署藥輸字第021712號	肝素鈉注射液５０００單位？０．５公撮
衛署藥輸字第018822號	肝素注射液５０００國際單位？公撮（無防腐劑）
衛署藥輸字第018823號	單元普多分因素林１００國際單位？公撮
衛署藥輸字第018824號	人類普多分因素林注射液１００國際單位？公撮
衛署藥輸字第018826號	單元常速因素林注射液１００國際單位？公撮
衛署藥輸字第018827號	速效因素林注射液１００國際單位？公撮
衛署藥輸字第018828號	人體常速因素林注射液１００國際單位？公撮
衛署藥輸字第018829號	肝素注射液１０００國際單位？公撮（無防腐劑）
衛署藥輸字第018831號	人體速分因素林注射液１００國際單位？公撮
衛署藥輸字第018832號	人體快速因素林注射液１００國際單位？公撮
內衛藥製字第008965號	？基青黴素普魯卡因滅菌粉劑３０萬單位
衛署藥輸字第019469號	優泌林－混合型（７０？３０）１００單位？公撮
衛署藥輸字第019469號	優泌林－混合型（７０？３０）１００單位？公撮
內衛藥製字第008968號	特塞隆磷酸鹽注射劑１ＭＧ？ＭＬ
衛署藥製字第001732號	鹽酸甲基麻黃？
衛署藥輸字第021722號	注射液２５公絲？公撮
衛署藥輸字第018835號	赫恩靈注射液２５０００國際單位？公撮
衛署藥輸字第018836號	長效人體因素林注射液１００國際單位？公撮
衛署藥輸字第018837號	普多分因素林１００國際單位？公撮
衛署藥輸字第018838號	？？醯胺
衛署藥輸字第018843號	腦妥靜脈輸注液０．０２％Ｗ？Ｖ
衛署藥輸字第019484號	百多邦鼻用軟膏２％Ｗ？Ｗ
衛署藥製字第006263號	磺胺甲氧基噠？錠
衛署藥製字第036179號	優喜注射液２５０公絲？公撮（抗壞血酸）
衛署藥輸字第022892號	樂蒂可體舒洗劑１０公絲？公撮
衛署藥輸字第018843號	腦妥靜脈輸注液０．０２％Ｗ？Ｖ
衛署藥輸字第018851號	西華唑？鈉
衛署藥輸字第020073號	？？醯胺
衛署藥輸字第022894號	憶思能口服溶液２公絲？公撮
衛署藥輸字第022894號	憶思能口服溶液２公絲？公撮
衛署藥輸字第020525號	番瀉？
衛署藥輸字第021736號	美濃鈣鼻噴霧劑１００國際單位？劑量
衛署藥輸字第021745號	鼻通適噴鼻劑５０ＭＣＧ？ＤＯＳＥ
衛署藥製字第006393號	鹽酸？哆辛錠１０公絲
衛署藥製字第036825號	優田乳膏５０公？絲公克（艾賽可威）
衛署藥輸字第022281號	敏畢瘤凍晶注射劑１０公絲？小瓶
衛署藥輸字第021747號	鼻通適噴鼻劑１００ＭＣＧ？ＤＯＳＥ
衛署藥輸字第020089號	施寧注射液５公絲？１公撮
衛署藥製字第037036號	疼痛膠囊２５公絲（？？美洒辛）
衛署藥製字第037814號	泰復肯懸用粉５０公絲？５毫升（氟可那挫）
衛署藥製字第037815號	泰復肯懸液用粉２００公絲？５亳升（氟可那挫）
衛署藥輸字第019517號	硝基？喃妥因
衛署藥輸字第019519號	安保明眼藥水０．２５％Ｗ？Ｖ
衛署藥輸字第019520號	安保明眼藥水０．５％Ｗ？Ｖ
衛署藥輸字第020538號	邁兒寧靜脈注射液５０公絲？５公撮
衛署藥輸字第021763號	舒喘寧吸入劑２．５公絲？２．５公撮
衛署藥輸字第018876號	每索特靜脈注射液１００公絲？公撮
衛署藥輸字第022931號	諾快寧　口服懸液用粉劑　３１２．５公絲？５公撮
衛署藥輸字第022298號	含４．２５％葡萄糖低鈣（２．５ＭＥＱ？Ｌ）腹膜透析〝百特〞
衛署藥輸字第022299號	含２．５％葡萄糖低鈣（２．５ＭＥＱ？Ｌ）腹膜透析液〝百特〞
衛署藥輸字第022300號	安米諾靜脈輸注液％　Ｗ？Ｖ
衛署藥輸字第020105號	？？美酒辛
衛署藥製字第037832號	舒？樂乳膏５％（艾賽可威）
衛署藥製字第037839號	鎮痛寧軟膏０．７公絲？公克（辣椒鹼）
衛署藥製字第037851號	益普芬糖漿２０公絲？公撮（伊普）
衛署藥輸字第018885號	長葉毛地黃？錠
內衛藥製字第008296號	？美阿託注射液
衛署藥輸字第022301號	新安米諾靜脈輸注液１０％　Ｗ？Ｖ
衛署藥製字第038308號	尼卡注射液２５０公絲？公撮（菸鹼醯二乙胺）
衛署藥製字第038350號	倍姿溶液２０公絲？公撮（紅絲菌素）
衛署藥製字第038354號	優樂徽口服懸液２５公絲？公撮（紅絲菌素丙酯月桂硫酸醯）
衛署藥輸字第020119號	比效新靜脈注射液４００公絲？５公撮
衛署藥輸字第020122號	舒？林
衛署藥輸字第022939號	刻菌滅口服懸液用粉劑　３１２．５公絲？５公撮
衛署藥輸字第019536號	泛得林呼吸溶液劑２公絲？公撮
衛署藥製字第038731號	循保寧液９．６公絲？公撮（銀杏葉類黃酮配醣體）
衛署藥輸字第020564號	滅殺除癌注射液２５公絲？公撮
衛署藥輸字第020132號	賽達命注射液１００公絲？公撮
衛署藥輸字第018911號	氯化？二甲烴銨８０％溶液
衛署藥製字第038811號	制炎痛乳膏５０公絲？公克（布菲沙邁）
衛署藥製字第038814號	後衛軟膏１００公絲？公克（待布卡因）
衛署藥輸字第022319號	可活能注射劑０．５？１．０公克
衛署藥輸字第022319號	可活能注射劑０．５？１．０公克
衛署藥輸字第022321號	葡萄糖靜脈點滴注射液１０％Ｗ？Ｖ〝柏朗〞
衛署藥輸字第021801號	注射液１５０公絲？公撮
衛署藥輸字第020572號	比效新靜脈輸注液４００公絲？１２５公撮
衛署藥輸字第020138號	舒維黴素口服懸液劑２５０公絲？５公撮
衛署藥輸字第018923號	？？美洒辛
衛署藥製字第038995號	夏蚊防蚊液１２０公絲？公撮（待乙妥）
衛署藥輸字第021811號	康寧樂口內膏１公克？公克
衛署藥輸字第022330號	康您適強小兒內服液劑２００微公克？公撮
衛署藥輸字第022330號	康您適強小兒內服液劑２００微公克？公撮
衛署藥輸字第019562號	愛發？膜衣錠
衛署藥輸字第019568號	優泌林－混合型９０？１０懸液注射劑１００單位？公撮
衛署藥輸字第019568號	優泌林－混合型９０？１０懸液注射劑１００單位？公撮
衛署藥輸字第019570號	雙丁？磺酸鈉
衛署藥製字第039038號	淘蝨乳劑２５％（苯甲酸？酯）
衛署藥輸字第021824號	艾麗鼻用噴液劑２．８ＭＧ？ＳＰＲＡＹ
衛署藥輸字第021826號	鹽酸鹽注射劑１２．５公絲？公撮
衛署藥輸字第020156號	消旋鹽酸甲麻黃？
衛署藥輸字第022983號	愛眼滴　點眼液０．５公絲？公撮
衛署藥輸字第020167號	軻穠林注射液１５０公絲？公撮
衛署藥製字第011950號	紐納康注射液４０公絲？公撮
衛署藥輸字第022341號	鼻恩通鼻用噴液劑２．８ＭＧ？ＳＰＲＡＹ
衛署藥輸字第022343號	大捷靜脈注射液２５公絲？公撮
衛署藥輸字第022989號	好悅您　膜衣錠　５０？１２．５毫克
衛署藥輸字第022989號	好悅您　膜衣錠　５０？１２．５毫克
衛署藥輸字第018946號	肝素注射液１０００國際單位？公撮
衛署藥輸字第020595號	爾喘寧１００ＭＣＧ？ＤＯＳＥ自動吸入劑
衛署藥製字第014043號	康他黴素注射液１０公絲？公撮
衛署藥輸字第020180號	三氨基三羥甲基苯基？唎嘧啶
衛署藥輸字第022346號	優泌樂　注射劑１００單位？公撮（超短效型人體胰島素）
衛署藥輸字第020606號	康心靜脈點滴注射液５００公絲？１０公撮
衛署藥製字第039211號	首怡錠２５？２５０公絲
衛署藥製字第039212號	首怡錠２５？１００公絲
衛署藥製字第039215號	利蝨洗液（苯甲醯？酯）
衛署藥製字第039227號	博特西糖鹽注射液０．１５？５．０？０．４５
衛署藥製字第039232號	博特西糖鹽注射液０．０７５？５．０？０．４５
衛署藥輸字第023008號	撲滅菌素口服懸液粉劑１２５公絲？５公撮
內衛藥製字第000528號	英國藥典一九五三磺胺？唑鈉
內衛藥製字第002908號	蘋果酸麥角新？注射液
衛署藥輸字第018964號	氫化氯？唑
內衛藥製字第011374號	？基青黴素普魯卡因滅菌劑１５０萬單位
衛署藥輸字第023014號	菸？醯胺
衛署藥製字第041481號	吐必止懸浮液１公絲？公撮（多普利杜）〝生達〞
衛署藥輸字第023025號	含水咖啡？
衛署藥輸字第023030號	淚格靈眼藥水４０公絲？公撮
衛署藥輸字第020212號	敏伯斯登注射液１公絲？１公撮
內衛藥製字第012785號	菸？酸片５０公絲
衛署藥製字第041501號	明德華寶洗髮精１０公絲？公克（克康那唑）
內衛藥製字第000559號	日本藥典第七版異纈草酸溴？
內衛藥製字第000572號	甲？？錠
內衛成製字第001020號	煤溜油酚溶液２０Ｗ？Ｖ％
衛署藥輸字第020621號	安你拍克注射劑１８０毫克碘？公撮
衛署藥輸字第020622號	安你拍克注射劑２４０毫克碘？公撮
衛署藥輸字第022392號	優泌樂　注射劑１００單位？公撮（法國禮來）
衛署藥輸字第023049號	衛滋　內服懸液　５０公絲？５公撮
衛署藥輸字第023049號	衛滋　內服懸液　５０公絲？５公撮
衛署藥製字第042255號	喜多癬寧外用液１０公絲？公撮（亦可那挫）〝明德〞
衛署藥製字第042764號	疲寶乳膏１０公絲？公克（匹洛西卡）〝永勝〞
衛署藥輸字第020638號	氯苯？
衛署藥製字第019339號	敵芬尼？糖衣錠
內衛藥製字第000662號	鹽酸氯普麻？注射液　２．５％
衛署藥輸字第020657號	鹽酸？哆辛
內衛藥製字第011506號	羥乙基硫化？胺明
衛署藥製字第043572號	舒德林吸入液２公絲？公撮
內衛藥製字第005469號	氯黴素注射劑１２５ＭＧ？ＭＬ
內衛藥製字第005478號	鹽酸麻黃？膠囊２５公絲
內衛藥製字第007933號	洋地黃毒？片
衛署藥輸字第020665號	愛立得新水溶性鼻噴霧劑５０ＭＣＧ？ＳＰＲＡＹ
衛署藥製字第043681號	微笑口內膏１公絲？公克〝溫士頓〞
衛署藥輸字第021942號	愛爾康滴必衛點眼液０．１％Ｗ？Ｖ
衛署藥輸字第022425號	導勿痛注射劑３０公絲？公撮
內衛藥製字第011589號	菸？酸片
內衛藥製字第005524號	雙硫？胺明
衛署藥輸字第023109號	可得安穩　８０？１２．５　膜衣錠
衛署藥輸字第023111號	偉克適　口服懸液劑　２５公絲？５毫升
衛署藥輸字第023112號	偉克適　口服懸液劑　１２．５公絲？５毫升
內衛藥製字第003213號	安使可命注射液（５００ＭＧ？５ＭＬ）
內衛藥製字第012105號	烴基氯？銨消毒液１０％
衛署藥製字第043925號	皮朋乳膏１０公絲？公克（匹若西卡）〝永昌〞
衛署藥製字第044205號	炎立舒泰凝膠１００公絲？公克〝杏輝〞
內衛藥製字第008139號	克咳散１００ＭＧ？ＧＭ
衛署藥輸字第021952號	療血得注射液１０％Ｗ？Ｖ
衛署藥輸字第021958號	止吐能注射液５公絲？公撮
衛署藥輸字第021964號	凸霸黴素注射液４０公絲？１公撮
衛署藥輸字第021966號	凸霸黴素注射液２０公絲？２公撮
衛署藥輸字第021977號	仁山利舒洗髮精２％　Ｗ？Ｗ
衛署藥輸字第025710號	異菸？^醯肼
內衛藥輸字第001727號	磺胺？唑
內衛藥製字第000835號	斯疾克明注射液０．５公絲？公撮
內衛藥製字第008782號	異菸？醯？甲基磺酸鈉
衛署藥輸字第020719號	麗可勝注射液３００公絲？公撮
衛署藥輸字第021991號	優泌林－長效型１００單位？公撮　〝法國禮來〞
內衛藥製字第003449號	"應元"塩酸麻黃？錠２５毫克
內衛藥輸字第003473號	？基青黴素普魯卡因
內衛藥輸字第003475號	？基青黴鉀
內衛藥製字第016657號	鹽酸硫胺明注射液１００ＭＧ？２ＭＬ
內衛藥輸字第001733號	Ａ級次黃嘌呤核？
內衛藥輸字第001742號	二甲基？嘧啶苯磺胺鈉
內衛藥製字第008860號	亞硫酸氫鈉甲？？注射液
內衛藥製字第012659號	得利壽１０ＭＧ？ＭＬ注射液
內衛藥製字第012667號	得刪痛注射液２ＭＧ？ＭＬ
內衛藥製字第012669號	得刪痛注射液１ＭＧ？ＭＬ
內衛藥製字第003538號	蓋世達蒙注射液２５ＭＧ？ＭＬ
內衛藥製字第000872號	菸？醯二乙胺注射液
內衛藥製字第000874號	鹽酸黃連？注射液０．２％
衛署藥輸字第022002號	腸寧肌肉注射液１０公絲？公撮
內衛藥製字第008883號	鹽酸？哆辛片
內衛藥製字第003544號	息咳？糖漿
內衛藥製字第002360號	得刪痛－２１－Ｐ４ＭＧ？ＭＬ注射液
內衛藥輸字第003540號	甲基男性？
內衛藥製字第000911號	安？腸衣錠
內衛藥製字第003152號	磺胺甲氧基噠？
內衛藥製字第009006號	羥鈷胺明注射液１０００ＭＣＧ？ＭＬ
內衛藥輸字第001908號	二甲基？嘧啶磺胺
內衛藥輸字第003613號	乾燥甲種丁二種維生素５００Ａ？５０Ｄ２
衛署藥輸字第020740號	安你拍克注射劑３５０毫克碘？公撮
衛署藥輸字第020741號	安你拍克注射劑３００毫克碘？公撮
內衛藥製字第003651號	鹽酸甲基麻黃？錠
內衛藥製字第016982號	丁溴化東莨菪？
內衛藥製字第009187號	鹽酸甲基麻黃？錠
衛署藥輸字第022490號	因治隆注射液　六百萬國際單位？公撮
衛署藥輸字第022491號	因治隆注射液　十百萬國際單位？公撮
內衛藥輸字第000083號	蛇根？
內衛藥輸字第000094號	二硫酸二？咯布他明－１、５－？酚鈦
內衛藥輸字第005306號	異菸鹼酸？粉
內衛藥輸字第003723號	鹽酸黃連？
內衛藥製字第009257號	口服懸浮紅絲菌素１２５ＭＬ？１ＧＭ
內衛藥製字第004032號	立可通病灶注射液２５公絲？公撮
內衛藥製字第013178號	混？素膠囊
內衛藥製字第013331號	氯？方片
內衛藥製字第013353號	鹽酸？多辛錠１０公絲
內衛藥輸字第003805號	２，６－２氨－３－苯基偶氮？啶
衛署藥輸字第020771號	雙苯化？
衛署成製字第000141號	皮膚寧藥水５０公絲？公撮（水楊酸）
內衛藥製字第013430號	硝基？？軟膏
內衛藥製字第013482號	磺胺甲氧基噠？錠
內衛藥輸字第000428號	磺胺？唑鈉
內衛藥輸字第000440號	鹽酸對氯化乙基苯甲基酯？拉林
衛署藥輸字第020788號	喘免得吸入劑１公絲？公撮
內衛藥輸字第000461號	維生素Ｄ２　４０ＵＮＩＴＳ？ＭＣＧ
內衛藥輸字第000492號	番木？浸膏散
內衛藥輸字第007098號	磺胺甲基硫？唑
內衛藥製字第001116號	醋酸去氫氫化可體松懸濁液２５公絲？公撮
內衛藥製字第013693號	磺氧？唑錠
衛署菌疫輸字第000451號	亞培ＡＸＳＹＭ人類免疫不全病毒ＨＩＶ－１？２微粒子酵素疫試劑
內衛藥製字第004211號	柏那粉１００ＭＧ？ＧＭ
內衛藥輸字第003974號	六水？？
內衛藥輸字第003975號	燐酸？？
內衛藥輸字第003997號	滅痛靈２５Ｗ？Ｖ％注射液
內衛藥輸字第000524號	奎奈？容
內衛藥製字第004227號	鹽酸？多辛錠５０公絲
內衛藥輸字第007136號	酚？
內衛藥輸字第007145號	鹽酸苯甲麻黃？
內衛藥輸字第007146號	樟腦酸對α－二甲？醚二乙醇胺醯
內衛藥製字第004304號	縮水蘋果酸麥角新？糖衣片
內衛藥輸字第004002號	滅痛靈５０Ｗ？Ｖ％注射液
內衛藥輸字第000533號	磺胺甲氧基？唎淨鈉
內衛藥輸字第000538號	異菸？
內衛藥輸字第005362號	特卻？眼藥膏
內衛藥製字第004382號	永鎮咳散５００ＭＧ？ＧＭ
內衛藥製字第004416號	鹽酸？多辛錠一百公絲
衛署藥輸字第020790號	立達舒本注射液２０公絲？公撮
衛署藥輸字第020793號	服樂癌注射劑２５公絲？公撮
內衛藥製字第001144號	丙基雙硫？胺明
內衛藥製字第000046號	麥角新？錠
內衛藥輸字第000552號	鄰一苯二甲醯磺胺？唑
內衛藥輸字第000555號	磺胺？唑
內衛藥製字第013850號	硫酸康寧黴素注射液２５０ＭＧ？ＭＬ
內衛藥輸字第000563號	琥珀醯磺胺？唑
內衛藥輸字第007325號	甲基橙？
衛署菌疫輸字第000658號	優泌林－混合型８０？２０懸液注射劑１００單位？公撮
衛署菌疫輸字第000658號	優泌林－混合型８０？２０懸液注射劑１００單位？公撮
衛署菌疫輸字第000668號	派樂能凍晶乾粉注射劑　１５０ＭＣＧ？ＶＩＡＬ
內衛藥輸字第004093號	二－２，６－三級丁基？磺酸鈉
內衛藥輸字第000636號	六菸？肌
內衛藥輸字第007393號	橙？
內衛藥輸字第007396號	甘草甜？
內衛藥輸字第000751號	氯化雙甲基狹？胺十烷
內衛藥輸字第004118號	鹽酸？夫唑？
內衛藥輸字第000754號	？啶酸胺
內衛藥輸字第000755號	磷酸？多醛
內衛藥輸字第000760號	二羥丙基茶？
內衛藥輸字第000762號	甲硫尿？
內衛藥輸字第004146號	特？酵片
內衛藥輸字第004147號	特？酵針
內衛藥製字第014234號	速黴素肌肉注射液２５０ＭＧ？ＭＬ
衛署藥輸字第020800號	必賴克？膜衣錠
衛署藥輸字第020803號	含４．２５％葡萄糖低鈣（２．５ＭＥＱ？Ｌ）腹膜透析液
衛署藥輸字第020804號	含３．５％葡萄糖低鈣（２．５ＭＥＱ？Ｌ）腹膜透析液
衛署藥輸字第020805號	含２．５％葡萄糖低鈣（２．５ＭＥＱ？Ｌ）腹膜透析液
衛署藥輸字第020806號	含１．５％葡萄糖低鈣（２．５ＭＥＱ？Ｌ）腹膜透析液〝百特〞
內衛藥輸字第002378號	？雷拉明蘋果酸鹽
內衛藥輸字第002383號	鹽酸苯甲麻黃？
內衛藥製字第001445號	亞硫酸氨鈉鉀？？注射液２公絲
內衛藥製字第000061號	中華藥典第二版咖啡？苯甲酸鈉
內衛藥製字第000063號	蛇根？錠０．２５公絲
內衛藥製字第000066號	異菸？醯？錠
內衛藥製字第000072號	紅黴素月桂？口服懸濁液用
內衛藥輸字第007739號	溶菌？氯化物
內衛藥輸字第000894號	安添壽注射劑２．５ＭＧ？ＣＣ
內衛藥輸字第000910號	注射用肝液２ＭＣＧ？ＭＬ
內衛藥輸字第000911號	注射用肝液１０ＭＣＧ？ＭＬ
內衛藥輸字第000914號	普魯卡因？基青黴素
內衛藥輸字第000920號	磷酸？哆醛
內衛藥輸字第004198號	檸檬酸？？
內衛藥輸字第004199號	巴二酸？？
內衛藥製字第014300號	氯？治片
內衛藥輸字第004209號	磺胺？唑鈉
內衛藥輸字第004211號	鄰一苯二甲醯磺胺？唑
內衛藥輸字第004212號	琥珀醯磺胺？唑
內衛藥輸字第004214號	二丁？磺酸鈉
內衛藥輸字第000942號	雙磷酸甲？醛鈉
內衛藥輸字第000958號	二乙基？甲胺
內衛藥輸字第002418號	？基青黴素鈉
內衛藥輸字第007943號	利得黴素注射劑Ｄ？Ｆ　１２０萬單位
內衛藥輸字第000975號	二苯乙內醯？鈉
內衛藥製字第006475號	菸？醯胺錠５０公絲
內衛藥製字第014463號	檸檬酸？？糖漿
內衛藥輸字第004217號	甲基硫？治爾
內衛藥輸字第004218號	鹽酸三？力奈明
內衛藥輸字第000981號	氫溴酸東莨？
內衛藥輸字第000983號	羥？酸派兒維因
內衛藥輸字第000985號	單水甜菜？
內衛藥輸字第001027號	？唑丁烷
內衛藥輸字第001029號	氧？唑丁烷
內衛藥輸字第008322號	蘋果酸麥角新？注射液
內衛藥輸字第008384號	碘氯羥狹？顆粒
內衛藥製字第004912號	鹽酸？多辛注射液
內衛藥輸字第001041號	羥基氯？銨溶液
衛署藥製字第003187號	磺胺甲氧基噠？錠
內衛藥製字第009658號	濃？水
內衛藥輸字第004530號	治淨癆片５０？１３３
內衛藥輸字第001064號	柯柯？
內衛藥輸字第001065號	二苯丙醯？鈉
內衛藥輸字第001090號	酚？
內衛藥輸字第004548號	補？身
內衛藥輸字第004620號	澱粉？彼片
內衛藥輸字第001157號	丙硫酸？酮
內衛藥輸字第001171號	磺胺？唑
衛署藥製字第003388號	氫氯？治錠
衛署藥製字第003392號	異菸鹼醯？錠
內衛藥輸字第004624號	熊？流浸膏
內衛藥製字第005107號	磺胺甲氧基噠？片０．５克
內衛藥輸字第004720號	愛貴？藥膏
內衛藥製字第005157號	偉霸黴素懸濁液５０ＭＧ？５ＭＬ
內衛藥製字第009696號	鹽酸？多辛注射液１００公絲
內衛藥製字第015230號	磷酸？？片
內衛藥製字第005177號	縮水蘋果酸麥角新？錠
內衛藥製字第005182號	維他命Ｂ１２注射液１ＭＧ？ＭＬ
內衛藥輸字第002733號	去氫吐根素注射液６０公絲？２公撮
內衛藥輸字第002809號	立多寧片１？２５ＧＲ
內衛藥輸字第004832號	胰？粉
內衛藥製字第009865號	鹽酸？多辛錠１０公絲
內衛藥輸字第004858號	胰？
內衛藥輸字第001326號	？喃淨胺
內衛藥製字第001731號	硫酸麻黃？膠囊２５ＭＧ
內衛藥輸字第001332號	硝基★醛縮氨？
內衛藥輸字第001339號	鹽酸苯氮二氨基？啶
內衛藥輸字第001342號	磺胺甲硫？唑
內衛藥製字第006610號	凍結輔？美達民針５公絲
內衛藥製字第006612號	凍結輔？美達民針２０公絲
內衛藥製字第006617號	凍結輔？美達民針１０公絲
衛署藥輸字第025029號	無水茶？
內衛藥輸字第005497號	二氯苯基異？唑基配尼西林鈉
內衛藥輸字第005498號	無菌氯苯基異？唑基配尼西林鈉
內衛藥輸字第005499號	３（０－氯苯基－４－異？唑基）配尼西林
內衛藥輸字第003024號	得補美臨２５０公絲？２公撮
內衛藥製字第006629號	？基青黴素鉀針二十萬單位
內衛藥製字第006630號	？基青黴素鉀針－百萬單位
內衛藥製字第006636號	百樂爾注射液５０ＭＧ？ＭＬ
內衛藥製字第015772號	異菸鹼醯？－對胺荃水楊酸鹽
內衛藥輸字第001447號	磺胺甲氧基？唎淨
內衛藥製字第006650號	氰鈷胺明注射液１０００微公克？毫升
內衛藥製字第006657號	利解痛１ＭＧ？ＭＬ注射液
內衛藥輸字第003116號	立多寧片１？１０ＧＲ．
內衛藥輸字第001497號	甲基硫？嘧啶
內衛藥製字第000275號	菸？酸錠５０公絲
內衛藥製字第016308號	奈？效注射液
衛署成製字第000227號	莉？油
內衛藥輸字第003212號	乾燥甲種維生素醋酸鹽３２５？６０式
內衛藥輸字第005585號	胰？
內衛藥製字第001794號	氯化？酯膽？錠１０ＭＧ
內衛藥輸字第005612號	倍利林５０００單位？公撮注射液
內衛藥輸字第003255號	鄰苯二甲醯磺胺？唑
內衛藥製字第010142號	？酒朗錠
衛署菌疫輸字第000050號	溶纖性素？注射劑
衛署菌疫輸字第000008號	免疫血清球蛋白３００公絲？３公撮
衛署菌疫輸字第000014號	免疫血清球蛋白１５０公絲？１公撮
內衛藥製字第006967號	黃體素注射液２５公絲？公撮
內衛藥製字第006969號	維他命Ｂ６注射液１００ＭＧ？ＭＬ
內衛藥製字第000352號	羥四環素注射液１２５ＭＧ？ＭＬ（肌肉注射用）
內衛藥製字第010247號	鹽酸？多辛注射液１００公絲
內衛藥製字第010248號	硫酸康寧黴素膠囊２５０ＭＧ？ＣＡＰ
內衛成製字第000294號	氯化羥基二甲？銨液１０％
內衛藥輸字第005635號	卡巴唑紅縮氨？
內衛藥輸字第005637號	二氨？啶乙酸
內衛藥輸字第005666號	碘氯羥基狹？
內衛藥輸字第005669號	鹽酸苯偶氮？嘧
內衛藥輸字第005670號	乙基硫酸茶鹼？多辛
內衛藥製字第006978號	鹽酸罌粟？膠囊
衛署菌疫製字第000023號	普生克肝？ＭＢ
衛署菌疫製字第000025號	普生抗益肝？Ｂ
內衛藥輸字第004336號	治淨癆片１５０？３００
內衛藥輸字第005742號	乳酸鈉１？６Ｍ．
衛署菌疫製字第000026號	普生克肝？Ｂ
衛署菌疫製字第000027號	普生保肝？Ｂ
衛署菌疫製字第000028號	普生正肝？Ｂ
衛署菌疫製字第000029號	普生益肝？Ｂ
衛署菌疫製字第000037號	ＡＮＴＩ－ＨＢＥ？免疫檢驗試劑
衛署菌疫製字第000040號	益肝？Ｂ－９６
衛署菌疫製字第000041號	正肝？Ｂ－９６
衛署菌疫製字第000042號	保肝？Ｂ９６
衛署菌疫製字第000043號	普生克肝？Ｂ９６
衛署菌疫製字第000045號	永進 Anti-HBc ？免疫檢驗試劑
內衛藥製字第010399號	黃體素注射液２５ＭＧ？ＭＬ
內衛藥製字第010401號	氯絲菌素棕櫚酸鹽顆粒１２５公絲？克
內衛藥製字第001890號	紅黴素月桂？膠囊
內衛藥製字第007124號	力加樂命注射液１ＭＧ？１ＭＬ
衛署菌疫輸字第000347號	人類免疫不全病毒（ＨＩＶ－１？ＨＩＶ－２）第三代再重組抗原
衛署菌疫製字第000047號	普生益肝？ＢＮ
衛署菌疫輸字第000356號	人體血凝素第八因子注射劑１００ＩＵ？ＭＬ
衛署菌疫輸字第000357號	愛滋病１型？２型抗體酵素免疫法測定試劑
內衛藥製字第010463號	滅菌鹽酸羥四環素注射劑１００ＭＧ？ＶＩＡＬ
內衛藥製字第010464號	口服懸浮用鹽酸四環素１２５ＭＧ？５ＭＬ
衛署菌疫製字第000058號	普生益肝？ＢＮ－９６
衛署菌疫製字第000059號	普生克肝？ＭＢ－９６
衛署菌疫製字第000061號	普生安肝？Ａ
衛署菌疫製字第000062號	普生安肝？ＭＡ
衛署菌疫製字第000069號	永進ＡＮＴＩ－ＨＢＣ　ＩＧＭ？免疫檢驗試劑
衛署菌疫製字第000071號	永進ＡＮＴＩ－ＨＢＳ？免疫檢驗試劑
衛署菌疫製字第000072號	永進ＨＢｓＡｇ　Ｏｎｅ－Ｓｔｅｐ　？免疫檢驗試劑
衛署菌疫製字第000073號	永進ＨＢｅＡｇ？免疫檢驗試劑
衛署菌疫製字第000076號	永進Ａｎｔｉ－ＨＢｅ　？免疫檢驗試劑
衛署菌疫製字第000077號	永進ＨＢｅＡｇ？免疫檢驗試劑
衛署菌疫製字第000078號	永進單株ＨＢｓＡｇ　Ｏｎｅ－Ｓｔｅｐ？免疫檢驗試劑
衛署菌疫製字第000079號	健肝？Ｃ－９６
內衛藥製字第007196號	鹽酸羥四環素注射液１００ＭＧ？２ＭＬ
衛署菌疫製字第000086號	永進ＡＮＴＩ－ＨＣＶ？免疫檢驗試劑
內衛藥製字第010475號	鹽酸？多辛錠５０公絲
內衛藥輸字第005884號	第三丁烷？磺胺鈉
衛署菌疫製字第000097號	保血酵１？２－９６
內衛藥製字第007332號	磺胺？唑錠
內衛藥輸字第005903號	乙氧基？胺
內衛藥輸字第005912號	菸？醯胺
衛署菌疫製字第000110號	優泌林－中效型懸液注射劑１００單位？公撮（ＮＰＨ型人體胰島素
衛署菌疫製字第000111號	優泌林－常規型注射劑１００單位？公撮（常規型人體胰島素（基因
內衛藥製字第010651號	異烴基洋地黃毒？片
內衛藥製字第010689號	鹽酸？多辛錠２５公絲
衛署菌疫輸字第000208號	凝血？外用撒布劑５００單位
衛署成製字第007736號	樂比液（氯化？二甲羥）
衛署菌疫輸字第000218號	凝血？１０００單位
衛署菌疫輸字第000226號	凝血？外用撒布劑５００單位
衛署菌疫輸字第000227號	凝血？注射劑１００萬單位
衛署菌疫輸字第000387號	人體免疫缺乏病毒Ⅰ？Ⅱ型抗體檢驗試劑　　　　　　　　　　　　 E
衛署菌疫輸字第000388號	百合第八因子注射劑（２５ＩＵ？ＭＬ）
衛署菌疫輸字第000237號	肝保定康ＨＢＥＡＧ？ＡＮＴＩ－ＨＢＥ
衛署菌疫輸字第000246號	抗ＣＤ（抗ＲＨＯ？）玻片試驗
衛署菌疫輸字第000248號	抗ＣＤＥ（抗ＲＨＯ〝？）玻片試驗
內衛藥製字第002167號	長葉毛地黃？錠０．２５ＭＧ
內衛藥輸字第005989號	必賴克？
內衛藥製字第002225號	凍結淨新？針
衛署成製字第008798號	愛潔淨液２０％Ｗ？Ｖ（煤餾油酚）
內衛藥製字第007557號	烴基氯？銨消毒酊１０％
內衛藥製字第007558號	泰洛？素耳用滴劑
衛署菌疫輸字第000280號	愛滋Ｉ？ＩＩ型混合抗體篩檢試劑
衛署成製字第008980號	速芙奇洗劑２０公絲？公撮（水楊酸）
衛署成製字第009137號	利通浣腸液５００公絲？公撮
衛署菌疫輸字第000299號	索林抗優肝？
衛署菌疫輸字第000300號	索林優肝？
衛署菌疫輸字第000311號	ＨＩＶ　１？ＨＩＶ－２抗體檢驗試劑
衛署菌疫輸字第000313號	亞培ＨＩＶ－１？ＨＩＶ－２快速測試盒
內衛藥輸字第006072號	單水性氯苯基異？唑基配尼西林鈉
內衛藥輸字第006073號	無菌苯基異？唑基配尼西林鈉
衛署成製字第009340號	灰指寧洗劑２０公絲？公撮（水楊酸）
內衛藥製字第011780號	？基青黴素鉀針２０萬單位
內衛藥製字第011781號	？基青黴素鈉針一百萬單位
內衛藥製字第011782號	？基青黴素鈉針４０萬單位
內衛藥製字第002417號	多明朗消毒液１０％Ｗ？Ｖ
內衛藥製字第002421號	咖啡？苯甲酸鈉
內衛藥製字第002431號	棕櫚酸氯黴素顆粒２５０ＭＧ？ＧＭ
內衛藥輸字第006126號	？基青黴素鉀
內衛藥輸字第006127號	普魯卡因？基青黴素鉀
內衛藥製字第011783號	亞硫酸氫鈉甲？？注射液
內衛藥輸字第006147號	菸？醯胺
衛署成製字第010167號	消毒水５０公絲？公撮（煤餾油酚）
內衛藥輸字第006202號	樂來－ＡＤ－Ｂ　５００？５０Ａ
內衛藥輸字第006203號	三氯甲？治
內衛藥輸字第006207號	毛地黃毒？
內衛藥製字第002589號	鹽酸罌粟？錠３０公絲
內衛藥輸字第006266號	單水性二氯苯基異？唑基配尼西林鈉
內衛藥製字第002694號	鹽酸麻黃？注射液　４％
內衛藥製字第002699號	硫酸金雀花？注射液１０％
內衛藥製字第002701號	縮水蘋果酸麥角新？注射液０．０２％
內衛藥製字第002708號	鹽酸？多辛注射液２．５％
內衛藥輸字第006336號	甲基橙？
內衛藥輸字第006354號	菸？酸
內衛藥輸字第006396號	二鈉三磷酸腺？鹽
衛署成製字第037093號	可麗容液１０公絲？公撮（克林達徽素）
內衛藥輸字第006507號	縮水蘋果酸麥角新？
內衛藥輸字第006534號	鹽酸？多辛
內衛藥輸字第006547號	羥基氣？銨
內衛藥輸字第006759號	異菸鹼醯？
內衛藥輸字第006763號	？克麗諾
內衛藥輸字第006912號	磺胺甲氧基噠？
內衛藥輸字第006972號	溴化纈草酸？
內衛藥輸字第006974號	異菸酸？
